domain,state,qid,type,instructions,criteria,expected,actual,confidence,correct
code_review,"{""pr"": {""adds_tests"": true, ""ci"": ""failed"", ""diff_contains"": ""no secrets"", ""files_changed"": [""docs/README.md""], ""lines_changed"": 38, ""title"": ""Fix typo""}}",secret,noul,The diff leaks a credential.,"{""false"": ""no, the statement does not hold"", ""true"": ""yes, the statement holds""}",false,false,0.9291,True
code_review,"{""pr"": {""adds_tests"": true, ""ci"": ""failed"", ""diff_contains"": ""no secrets"", ""files_changed"": [""docs/README.md""], ""lines_changed"": 38, ""title"": ""Fix typo""}}",ci_ok,noul,CI is green for this pull request.,"{""false"": ""no, the statement does not hold"", ""true"": ""yes, the statement holds""}",false,false,0.8019,True
code_review,"{""pr"": {""adds_tests"": true, ""ci"": ""failed"", ""diff_contains"": ""no secrets"", ""files_changed"": [""docs/README.md""], ""lines_changed"": 38, ""title"": ""Fix typo""}}",risk,score,How risky is this change?,"[""trivial"", ""low"", ""medium"", ""high""]",0,2,0.4502,False
code_review,"{""pr"": {""adds_tests"": true, ""ci"": ""failed"", ""diff_contains"": ""no secrets"", ""files_changed"": [""docs/README.md""], ""lines_changed"": 38, ""title"": ""Fix typo""}}",verdict,choice,Review verdict?,"{""approve"": ""approve and merge"", ""block"": ""block: must be fixed before merge"", ""careful"": ""needs a careful senior review""}",block,block,0.4016,True
invoice,"policy: Invoices must match a PO within 2%. Over $10,000 needs CFO sign-off. New vendors or changed bank details need verification by phone. Duplicate invoice numbers must be rejected.; invoice: {""number"": ""INV-8859"", ""amount_usd"": 37155, ""vendor"": ""Acme Supplies"", ""po_amount_usd"": 37155, ""vendor_on_file"": true, ""bank_details_changed_since_last_payment"": false, ""same_number_already_paid"": false}",po_match,noul,The invoice matches its purchase order within policy.,"{""false"": ""no, the statement does not hold"", ""true"": ""yes, the statement holds""}",true,true,0.5034,True
invoice,"policy: Invoices must match a PO within 2%. Over $10,000 needs CFO sign-off. New vendors or changed bank details need verification by phone. Duplicate invoice numbers must be rejected.; invoice: {""number"": ""INV-8859"", ""amount_usd"": 37155, ""vendor"": ""Acme Supplies"", ""po_amount_usd"": 37155, ""vendor_on_file"": true, ""bank_details_changed_since_last_payment"": false, ""same_number_already_paid"": false}",verify,noul,Payment details must be verified by phone before paying.,"{""false"": ""no, the statement does not hold"", ""true"": ""yes, the statement holds""}",false,true,0.5262,False
invoice,"policy: Invoices must match a PO within 2%. Over $10,000 needs CFO sign-off. New vendors or changed bank details need verification by phone. Duplicate invoice numbers must be rejected.; invoice: {""number"": ""INV-8859"", ""amount_usd"": 37155, ""vendor"": ""Acme Supplies"", ""po_amount_usd"": 37155, ""vendor_on_file"": true, ""bank_details_changed_since_last_payment"": false, ""same_number_already_paid"": false}",risk,score,How risky is paying this invoice as-is?,"[""no risk"", ""low"", ""medium"", ""high""]",1,2,0.4125,False
invoice,"policy: Invoices must match a PO within 2%. Over $10,000 needs CFO sign-off. New vendors or changed bank details need verification by phone. Duplicate invoice numbers must be rejected.; invoice: {""number"": ""INV-8859"", ""amount_usd"": 37155, ""vendor"": ""Acme Supplies"", ""po_amount_usd"": 37155, ""vendor_on_file"": true, ""bank_details_changed_since_last_payment"": false, ""same_number_already_paid"": false}",route,choice,Where should this invoice go?,"{""cfo"": ""send to the CFO for sign-off"", ""hold"": ""hold, PO mismatch or missing"", ""pay"": ""schedule payment"", ""reject"": ""reject as a duplicate"", ""verify"": ""verify vendor or bank details first""}",cfo,cfo,0.3413,True
code_review,"{""pr"": {""adds_tests"": true, ""ci"": ""passed"", ""diff_contains"": ""no secrets"", ""files_changed"": [""docs/README.md""], ""lines_changed"": 54, ""title"": ""Add dark mode button""}}",risk,score,How risky is this change?,"[""trivial"", ""low"", ""medium"", ""high""]",0,2,0.4411,False
code_review,"{""pr"": {""adds_tests"": true, ""ci"": ""passed"", ""diff_contains"": ""no secrets"", ""files_changed"": [""docs/README.md""], ""lines_changed"": 54, ""title"": ""Add dark mode button""}}",secret,noul,The diff leaks a credential.,"{""false"": ""no, the statement does not hold"", ""true"": ""yes, the statement holds""}",false,false,0.9501,True
code_review,"{""pr"": {""adds_tests"": true, ""ci"": ""passed"", ""diff_contains"": ""no secrets"", ""files_changed"": [""docs/README.md""], ""lines_changed"": 54, ""title"": ""Add dark mode button""}}",ci_ok,noul,CI is green for this pull request.,"{""false"": ""no, the statement does not hold"", ""true"": ""yes, the statement holds""}",true,true,0.6235,True
code_review,"{""pr"": {""adds_tests"": true, ""ci"": ""passed"", ""diff_contains"": ""no secrets"", ""files_changed"": [""docs/README.md""], ""lines_changed"": 54, ""title"": ""Add dark mode button""}}",verdict,choice,Review verdict?,"{""approve"": ""approve and merge"", ""block"": ""block: must be fixed before merge"", ""careful"": ""needs a careful senior review""}",approve,approve,0.6483,True
expense,"{""expense"": {""amount_usd"": 2200, ""category"": ""flight"", ""nights"": null, ""receipt_attached"": true}, ""policy"": ""Receipts required. Meals up to $75. Flights economy only, up to $1,000. Hotels up to $300/night. Alcohol is never reimbursed. Software over $500 needs IT approval.""}",within,noul,The expense is within policy limits.,"{""false"": ""no, the statement does not hold"", ""true"": ""yes, the statement holds""}",false,false,0.6126,True
expense,"{""expense"": {""amount_usd"": 2200, ""category"": ""flight"", ""nights"": null, ""receipt_attached"": true}, ""policy"": ""Receipts required. Meals up to $75. Flights economy only, up to $1,000. Hotels up to $300/night. Alcohol is never reimbursed. Software over $500 needs IT approval.""}",outcome,choice,Outcome?,"{""it_approval"": ""send for IT approval"", ""missing_receipt"": ""return: receipt missing"", ""reimburse"": ""reimburse"", ""reject"": ""reject as out of policy""}",reject,it_approval,0.4541,False
incident,"{""customer_facing"": false, ""error_rate_pct"": 0.0, ""last_deploy"": ""v3.9.9 deployed 21 minutes ago"", ""on_call"": ""chen"", ""p95_latency_ms"": 201, ""service"": ""orders API"", ""started_minutes_ago"": 16}",urgent,noul,This is an urgent production incident that needs someone paged now.,"{""false"": ""no, the statement does not hold"", ""true"": ""yes, the statement holds""}",false,false,0.9141,True
incident,"{""customer_facing"": false, ""error_rate_pct"": 0.0, ""last_deploy"": ""v3.9.9 deployed 21 minutes ago"", ""on_call"": ""chen"", ""p95_latency_ms"": 201, ""service"": ""orders API"", ""started_minutes_ago"": 16}",severity,score,How severe is the impact?,"[""no impact"", ""minor: few users, workaround exists"", ""degraded: many users affected"", ""major outage: core flow down for most users""]",0,1,0.4536,False
incident,"{""customer_facing"": false, ""error_rate_pct"": 0.0, ""last_deploy"": ""v3.9.9 deployed 21 minutes ago"", ""on_call"": ""chen"", ""p95_latency_ms"": 201, ""service"": ""orders API"", ""started_minutes_ago"": 16}",action,choice,What should on-call do?,"{""ignore"": ""no action, metrics are healthy"", ""page"": ""page the on-call engineer immediately"", ""ticket"": ""open a normal-priority ticket for business hours""}",ignore,ignore,0.5805,True
access,policy: Interns and contractors never get prod admin or payroll. Payroll only for finance. Every grant needs manager approval.; requester_role: finance analyst; resource: staging logs; manager_approved: true,grant,noul,Access can be granted.,"{""false"": ""no, the statement does not hold"", ""true"": ""yes, the statement holds""}",true,false,0.7081,False
access,policy: Interns and contractors never get prod admin or payroll. Payroll only for finance. Every grant needs manager approval.; requester_role: finance analyst; resource: staging logs; manager_approved: true,decision,choice,Decision?,"{""deny"": ""deny: role not allowed"", ""grant"": ""grant"", ""need_manager"": ""wait for manager approval""}",grant,need_manager,0.5502,False
expense,"{""expense"": {""amount_usd"": 20, ""category"": ""software"", ""nights"": null, ""receipt_attached"": true}, ""policy"": ""Receipts required. Meals up to $75. Flights economy only, up to $1,000. Hotels up to $300/night. Alcohol is never reimbursed. Software over $500 needs IT approval.""}",outcome,choice,Outcome?,"{""it_approval"": ""send for IT approval"", ""missing_receipt"": ""return: receipt missing"", ""reimburse"": ""reimburse"", ""reject"": ""reject as out of policy""}",reimburse,it_approval,0.5464,False
expense,"{""expense"": {""amount_usd"": 20, ""category"": ""software"", ""nights"": null, ""receipt_attached"": true}, ""policy"": ""Receipts required. Meals up to $75. Flights economy only, up to $1,000. Hotels up to $300/night. Alcohol is never reimbursed. Software over $500 needs IT approval.""}",within,noul,The expense is within policy limits.,"{""false"": ""no, the statement does not hold"", ""true"": ""yes, the statement holds""}",true,false,0.6137,False
refund,"{""customer"": {""refunds_last_90_days"": 6, ""tenure_months"": 29}, ""policy"": ""Refunds allowed within 30 days of delivery. Refunds over $500 need manager approval. Customers with 5+ refunds in 90 days are flagged for fraud review."", ""request"": {""amount_usd"": 2716, ""days_since_delivery"": 189, ""photo_attached"": false, ""reason"": ""wrong size""}}",within,noul,The request is within the refund window.,"{""false"": ""no, the statement does not hold"", ""true"": ""yes, the statement holds""}",false,false,0.6625,True
refund,"{""customer"": {""refunds_last_90_days"": 6, ""tenure_months"": 29}, ""policy"": ""Refunds allowed within 30 days of delivery. Refunds over $500 need manager approval. Customers with 5+ refunds in 90 days are flagged for fraud review."", ""request"": {""amount_usd"": 2716, ""days_since_delivery"": 189, ""photo_attached"": false, ""reason"": ""wrong size""}}",fraud,noul,The customer must be sent to fraud review.,"{""false"": ""no, the statement does not hold"", ""true"": ""yes, the statement holds""}",true,false,0.5743,False
refund,"{""customer"": {""refunds_last_90_days"": 6, ""tenure_months"": 29}, ""policy"": ""Refunds allowed within 30 days of delivery. Refunds over $500 need manager approval. Customers with 5+ refunds in 90 days are flagged for fraud review."", ""request"": {""amount_usd"": 2716, ""days_since_delivery"": 189, ""photo_attached"": false, ""reason"": ""wrong size""}}",decision,choice,What should happen to this refund?,"{""approve"": ""approve automatically"", ""deny"": ""deny, outside policy"", ""fraud_review"": ""hold for fraud review"", ""manager"": ""send to a manager for approval""}",fraud_review,manager,0.4633,False
deploy,"{""approvals"": 2, ""canary_error_rate_pct"": 0.27, ""change_freeze"": false, ""ci_passed"": false, ""friday_evening"": false, ""policy"": ""Deploy only when CI passes, there is no change freeze, at least 2 approvals exist, and canary error rate is under 1%.""}",go,noul,The deploy may proceed under the policy.,"{""false"": ""no, the statement does not hold"", ""true"": ""yes, the statement holds""}",false,true,0.7269,False
deploy,"{""approvals"": 2, ""canary_error_rate_pct"": 0.27, ""change_freeze"": false, ""ci_passed"": false, ""friday_evening"": false, ""policy"": ""Deploy only when CI passes, there is no change freeze, at least 2 approvals exist, and canary error rate is under 1%.""}",blocker,choice,What blocks the deploy?,"{""approvals"": ""not enough approvals"", ""canary"": ""canary errors too high"", ""ci"": ""CI failing"", ""freeze"": ""change freeze"", ""none"": ""nothing, it can go""}",ci,approvals,0.3412,False
deploy,"{""approvals"": 2, ""canary_error_rate_pct"": 14.69, ""change_freeze"": false, ""ci_passed"": true, ""friday_evening"": false, ""policy"": ""Deploy only when CI passes, there is no change freeze, at least 2 approvals exist, and canary error rate is under 1%.""}",blocker,choice,What blocks the deploy?,"{""approvals"": ""not enough approvals"", ""canary"": ""canary errors too high"", ""ci"": ""CI failing"", ""freeze"": ""change freeze"", ""none"": ""nothing, it can go""}",canary,approvals,0.3655,False
deploy,"{""approvals"": 2, ""canary_error_rate_pct"": 14.69, ""change_freeze"": false, ""ci_passed"": true, ""friday_evening"": false, ""policy"": ""Deploy only when CI passes, there is no change freeze, at least 2 approvals exist, and canary error rate is under 1%.""}",go,noul,The deploy may proceed under the policy.,"{""false"": ""no, the statement does not hold"", ""true"": ""yes, the statement holds""}",false,true,0.8839,False
invoice,"{""invoice"": {""amount_usd"": 1162, ""bank_details_changed_since_last_payment"": false, ""number"": ""INV-1179"", ""po_amount_usd"": null, ""same_number_already_paid"": false, ""vendor"": ""Acme Supplies"", ""vendor_on_file"": true}, ""policy"": ""Invoices must match a PO within 2%. Over $10,000 needs CFO sign-off. New vendors or changed bank details need verification by phone. Duplicate invoice numbers must be rejected.""}",po_match,noul,The invoice matches its purchase order within policy.,"{""false"": ""no, the statement does not hold"", ""true"": ""yes, the statement holds""}",false,false,0.5647,True
invoice,"{""invoice"": {""amount_usd"": 1162, ""bank_details_changed_since_last_payment"": false, ""number"": ""INV-1179"", ""po_amount_usd"": null, ""same_number_already_paid"": false, ""vendor"": ""Acme Supplies"", ""vendor_on_file"": true}, ""policy"": ""Invoices must match a PO within 2%. Over $10,000 needs CFO sign-off. New vendors or changed bank details need verification by phone. Duplicate invoice numbers must be rejected.""}",route,choice,Where should this invoice go?,"{""cfo"": ""send to the CFO for sign-off"", ""hold"": ""hold, PO mismatch or missing"", ""pay"": ""schedule payment"", ""reject"": ""reject as a duplicate"", ""verify"": ""verify vendor or bank details first""}",hold,cfo,0.4194,False
invoice,"{""invoice"": {""amount_usd"": 1162, ""bank_details_changed_since_last_payment"": false, ""number"": ""INV-1179"", ""po_amount_usd"": null, ""same_number_already_paid"": false, ""vendor"": ""Acme Supplies"", ""vendor_on_file"": true}, ""policy"": ""Invoices must match a PO within 2%. Over $10,000 needs CFO sign-off. New vendors or changed bank details need verification by phone. Duplicate invoice numbers must be rejected.""}",verify,noul,Payment details must be verified by phone before paying.,"{""false"": ""no, the statement does not hold"", ""true"": ""yes, the statement holds""}",false,true,0.5454,False
invoice,"{""invoice"": {""amount_usd"": 1162, ""bank_details_changed_since_last_payment"": false, ""number"": ""INV-1179"", ""po_amount_usd"": null, ""same_number_already_paid"": false, ""vendor"": ""Acme Supplies"", ""vendor_on_file"": true}, ""policy"": ""Invoices must match a PO within 2%. Over $10,000 needs CFO sign-off. New vendors or changed bank details need verification by phone. Duplicate invoice numbers must be rejected.""}",risk,score,How risky is paying this invoice as-is?,"[""no risk"", ""low"", ""medium"", ""high""]",2,2,0.4316,True
fraud,"{""customer_avg_txn_usd"": 45, ""txn"": {""amount_usd"": 4274, ""card_country_matches_ip"": true, ""new_device"": true, ""txns_last_hour"": 1}}",suspicious,noul,This transaction looks suspicious.,"{""false"": ""no, the statement does not hold"", ""true"": ""yes, the statement holds""}",true,false,0.9459,False
fraud,"{""customer_avg_txn_usd"": 45, ""txn"": {""amount_usd"": 4274, ""card_country_matches_ip"": true, ""new_device"": true, ""txns_last_hour"": 1}}",action,choice,Payment decision?,"{""approve"": ""approve"", ""block"": ""block"", ""challenge"": ""step-up verification""}",challenge,approve,0.5531,False
fraud,"{""customer_avg_txn_usd"": 45, ""txn"": {""amount_usd"": 4274, ""card_country_matches_ip"": true, ""new_device"": true, ""txns_last_hour"": 1}}",risk,score,Fraud risk?,"[""low"", ""some"", ""elevated"", ""very high""]",2,1,0.4508,False
incident,service: login; error_rate_pct: 19.0; p95_latency_ms: 2186; customer_facing: false; started_minutes_ago: 55; last_deploy: v2.2.1 deployed 60 minutes ago; on_call: ravi,action,choice,What should on-call do?,"{""ignore"": ""no action, metrics are healthy"", ""page"": ""page the on-call engineer immediately"", ""ticket"": ""open a normal-priority ticket for business hours""}",ticket,ignore,0.4795,False
incident,service: login; error_rate_pct: 19.0; p95_latency_ms: 2186; customer_facing: false; started_minutes_ago: 55; last_deploy: v2.2.1 deployed 60 minutes ago; on_call: ravi,urgent,noul,This is an urgent production incident that needs someone paged now.,"{""false"": ""no, the statement does not hold"", ""true"": ""yes, the statement holds""}",false,false,0.8746,True
incident,service: login; error_rate_pct: 19.0; p95_latency_ms: 2186; customer_facing: false; started_minutes_ago: 55; last_deploy: v2.2.1 deployed 60 minutes ago; on_call: ravi,rollback,noul,The most recent deploy is a likely cause and should be rolled back.,"{""false"": ""no, the statement does not hold"", ""true"": ""yes, the statement holds""}",true,false,0.6152,False
incident,service: login; error_rate_pct: 19.0; p95_latency_ms: 2186; customer_facing: false; started_minutes_ago: 55; last_deploy: v2.2.1 deployed 60 minutes ago; on_call: ravi,severity,score,How severe is the impact?,"[""no impact"", ""minor: few users, workaround exists"", ""degraded: many users affected"", ""major outage: core flow down for most users""]",2,2,0.4573,True
sales,"{""ideal_customer"": ""companies with 200+ employees, budget over $25k, buying within 6 months, decision-maker title"", ""lead"": {""buying_timeline"": ""this quarter"", ""company_employees"": 12535, ""stated_budget_usd"": 84971, ""title"": ""intern""}}",decision_maker,noul,The contact is a decision-maker.,"{""false"": ""no, the statement does not hold"", ""true"": ""yes, the statement holds""}",false,false,0.7055,True
sales,"{""ideal_customer"": ""companies with 200+ employees, budget over $25k, buying within 6 months, decision-maker title"", ""lead"": {""buying_timeline"": ""this quarter"", ""company_employees"": 12535, ""stated_budget_usd"": 84971, ""title"": ""intern""}}",route,choice,Route the lead:,"{""disqualify"": ""disqualify"", ""nurture"": ""marketing nurture"", ""sales"": ""hand to sales now""}",nurture,sales,0.4961,False
sales,"{""ideal_customer"": ""companies with 200+ employees, budget over $25k, buying within 6 months, decision-maker title"", ""lead"": {""buying_timeline"": ""this quarter"", ""company_employees"": 12535, ""stated_budget_usd"": 84971, ""title"": ""intern""}}",fit,score,How well does this lead fit the ideal customer?,"[""poor"", ""weak"", ""partial"", ""strong""]",2,2,0.4459,True
invoice,"policy: Invoices must match a PO within 2%. Over $10,000 needs CFO sign-off. New vendors or changed bank details need verification by phone. Duplicate invoice numbers must be rejected.; invoice: {""number"": ""INV-8725"", ""amount_usd"": 53486, ""vendor"": ""Umbrella Logistics"", ""po_amount_usd"": 53486, ""vendor_on_file"": true, ""bank_details_changed_since_last_payment"": false, ""same_number_already_paid"": false}",verify,noul,Payment details must be verified by phone before paying.,"{""false"": ""no, the statement does not hold"", ""true"": ""yes, the statement holds""}",false,true,0.5366,False
invoice,"policy: Invoices must match a PO within 2%. Over $10,000 needs CFO sign-off. New vendors or changed bank details need verification by phone. Duplicate invoice numbers must be rejected.; invoice: {""number"": ""INV-8725"", ""amount_usd"": 53486, ""vendor"": ""Umbrella Logistics"", ""po_amount_usd"": 53486, ""vendor_on_file"": true, ""bank_details_changed_since_last_payment"": false, ""same_number_already_paid"": false}",risk,score,How risky is paying this invoice as-is?,"[""no risk"", ""low"", ""medium"", ""high""]",1,2,0.4341,False
invoice,"policy: Invoices must match a PO within 2%. Over $10,000 needs CFO sign-off. New vendors or changed bank details need verification by phone. Duplicate invoice numbers must be rejected.; invoice: {""number"": ""INV-8725"", ""amount_usd"": 53486, ""vendor"": ""Umbrella Logistics"", ""po_amount_usd"": 53486, ""vendor_on_file"": true, ""bank_details_changed_since_last_payment"": false, ""same_number_already_paid"": false}",po_match,noul,The invoice matches its purchase order within policy.,"{""false"": ""no, the statement does not hold"", ""true"": ""yes, the statement holds""}",true,false,0.5247,False
invoice,"policy: Invoices must match a PO within 2%. Over $10,000 needs CFO sign-off. New vendors or changed bank details need verification by phone. Duplicate invoice numbers must be rejected.; invoice: {""number"": ""INV-8725"", ""amount_usd"": 53486, ""vendor"": ""Umbrella Logistics"", ""po_amount_usd"": 53486, ""vendor_on_file"": true, ""bank_details_changed_since_last_payment"": false, ""same_number_already_paid"": false}",route,choice,Where should this invoice go?,"{""cfo"": ""send to the CFO for sign-off"", ""hold"": ""hold, PO mismatch or missing"", ""pay"": ""schedule payment"", ""reject"": ""reject as a duplicate"", ""verify"": ""verify vendor or bank details first""}",cfo,cfo,0.368,True
invoice,"{""invoice"": {""amount_usd"": 24653, ""bank_details_changed_since_last_payment"": false, ""number"": ""INV-9039"", ""po_amount_usd"": 12326, ""same_number_already_paid"": false, ""vendor"": ""Northwind"", ""vendor_on_file"": true}, ""policy"": ""Invoices must match a PO within 2%. Over $10,000 needs CFO sign-off. New vendors or changed bank details need verification by phone. Duplicate invoice numbers must be rejected.""}",route,choice,Where should this invoice go?,"{""cfo"": ""send to the CFO for sign-off"", ""hold"": ""hold, PO mismatch or missing"", ""pay"": ""schedule payment"", ""reject"": ""reject as a duplicate"", ""verify"": ""verify vendor or bank details first""}",hold,cfo,0.4194,False
invoice,"{""invoice"": {""amount_usd"": 24653, ""bank_details_changed_since_last_payment"": false, ""number"": ""INV-9039"", ""po_amount_usd"": 12326, ""same_number_already_paid"": false, ""vendor"": ""Northwind"", ""vendor_on_file"": true}, ""policy"": ""Invoices must match a PO within 2%. Over $10,000 needs CFO sign-off. New vendors or changed bank details need verification by phone. Duplicate invoice numbers must be rejected.""}",po_match,noul,The invoice matches its purchase order within policy.,"{""false"": ""no, the statement does not hold"", ""true"": ""yes, the statement holds""}",false,false,0.8795,True
invoice,"{""invoice"": {""amount_usd"": 24653, ""bank_details_changed_since_last_payment"": false, ""number"": ""INV-9039"", ""po_amount_usd"": 12326, ""same_number_already_paid"": false, ""vendor"": ""Northwind"", ""vendor_on_file"": true}, ""policy"": ""Invoices must match a PO within 2%. Over $10,000 needs CFO sign-off. New vendors or changed bank details need verification by phone. Duplicate invoice numbers must be rejected.""}",verify,noul,Payment details must be verified by phone before paying.,"{""false"": ""no, the statement does not hold"", ""true"": ""yes, the statement holds""}",false,true,0.5223,False
invoice,"{""invoice"": {""amount_usd"": 24653, ""bank_details_changed_since_last_payment"": false, ""number"": ""INV-9039"", ""po_amount_usd"": 12326, ""same_number_already_paid"": false, ""vendor"": ""Northwind"", ""vendor_on_file"": true}, ""policy"": ""Invoices must match a PO within 2%. Over $10,000 needs CFO sign-off. New vendors or changed bank details need verification by phone. Duplicate invoice numbers must be rejected.""}",risk,score,How risky is paying this invoice as-is?,"[""no risk"", ""low"", ""medium"", ""high""]",2,2,0.4362,True
invoice,"policy: Invoices must match a PO within 2%. Over $10,000 needs CFO sign-off. New vendors or changed bank details need verification by phone. Duplicate invoice numbers must be rejected.; invoice: {""number"": ""INV-1025"", ""amount_usd"": 3606, ""vendor"": ""Acme Supplies"", ""po_amount_usd"": null, ""vendor_on_file"": true, ""bank_details_changed_since_last_payment"": false, ""same_number_already_paid"": false}",verify,noul,Payment details must be verified by phone before paying.,"{""false"": ""no, the statement does not hold"", ""true"": ""yes, the statement holds""}",false,false,0.5059,True
invoice,"policy: Invoices must match a PO within 2%. Over $10,000 needs CFO sign-off. New vendors or changed bank details need verification by phone. Duplicate invoice numbers must be rejected.; invoice: {""number"": ""INV-1025"", ""amount_usd"": 3606, ""vendor"": ""Acme Supplies"", ""po_amount_usd"": null, ""vendor_on_file"": true, ""bank_details_changed_since_last_payment"": false, ""same_number_already_paid"": false}",po_match,noul,The invoice matches its purchase order within policy.,"{""false"": ""no, the statement does not hold"", ""true"": ""yes, the statement holds""}",false,false,0.616,True
invoice,"policy: Invoices must match a PO within 2%. Over $10,000 needs CFO sign-off. New vendors or changed bank details need verification by phone. Duplicate invoice numbers must be rejected.; invoice: {""number"": ""INV-1025"", ""amount_usd"": 3606, ""vendor"": ""Acme Supplies"", ""po_amount_usd"": null, ""vendor_on_file"": true, ""bank_details_changed_since_last_payment"": false, ""same_number_already_paid"": false}",risk,score,How risky is paying this invoice as-is?,"[""no risk"", ""low"", ""medium"", ""high""]",2,2,0.4241,True
invoice,"policy: Invoices must match a PO within 2%. Over $10,000 needs CFO sign-off. New vendors or changed bank details need verification by phone. Duplicate invoice numbers must be rejected.; invoice: {""number"": ""INV-1025"", ""amount_usd"": 3606, ""vendor"": ""Acme Supplies"", ""po_amount_usd"": null, ""vendor_on_file"": true, ""bank_details_changed_since_last_payment"": false, ""same_number_already_paid"": false}",route,choice,Where should this invoice go?,"{""cfo"": ""send to the CFO for sign-off"", ""hold"": ""hold, PO mismatch or missing"", ""pay"": ""schedule payment"", ""reject"": ""reject as a duplicate"", ""verify"": ""verify vendor or bank details first""}",hold,cfo,0.3667,False
incident,"{""customer_facing"": false, ""error_rate_pct"": 21.5, ""last_deploy"": ""v2.16.7 deployed 55 minutes ago"", ""on_call"": ""chen"", ""p95_latency_ms"": 2541, ""service"": ""image CDN"", ""started_minutes_ago"": 50}",urgent,noul,This is an urgent production incident that needs someone paged now.,"{""false"": ""no, the statement does not hold"", ""true"": ""yes, the statement holds""}",false,false,0.85,True
incident,"{""customer_facing"": false, ""error_rate_pct"": 21.5, ""last_deploy"": ""v2.16.7 deployed 55 minutes ago"", ""on_call"": ""chen"", ""p95_latency_ms"": 2541, ""service"": ""image CDN"", ""started_minutes_ago"": 50}",rollback,noul,The most recent deploy is a likely cause and should be rolled back.,"{""false"": ""no, the statement does not hold"", ""true"": ""yes, the statement holds""}",true,false,0.5591,False
incident,"{""customer_facing"": false, ""error_rate_pct"": 21.5, ""last_deploy"": ""v2.16.7 deployed 55 minutes ago"", ""on_call"": ""chen"", ""p95_latency_ms"": 2541, ""service"": ""image CDN"", ""started_minutes_ago"": 50}",severity,score,How severe is the impact?,"[""no impact"", ""minor: few users, workaround exists"", ""degraded: many users affected"", ""major outage: core flow down for most users""]",2,1,0.4465,False
incident,"{""customer_facing"": false, ""error_rate_pct"": 21.5, ""last_deploy"": ""v2.16.7 deployed 55 minutes ago"", ""on_call"": ""chen"", ""p95_latency_ms"": 2541, ""service"": ""image CDN"", ""started_minutes_ago"": 50}",action,choice,What should on-call do?,"{""ignore"": ""no action, metrics are healthy"", ""page"": ""page the on-call engineer immediately"", ""ticket"": ""open a normal-priority ticket for business hours""}",ticket,ignore,0.4627,False
expense,"policy: Receipts required. Meals up to $75. Flights economy only, up to $1,000. Hotels up to $300/night. Alcohol is never reimbursed. Software over $500 needs IT approval.; expense: {""category"": ""hotel"", ""amount_usd"": 150, ""receipt_attached"": true, ""nights"": 1}",within,noul,The expense is within policy limits.,"{""false"": ""no, the statement does not hold"", ""true"": ""yes, the statement holds""}",true,false,0.68,False
expense,"policy: Receipts required. Meals up to $75. Flights economy only, up to $1,000. Hotels up to $300/night. Alcohol is never reimbursed. Software over $500 needs IT approval.; expense: {""category"": ""hotel"", ""amount_usd"": 150, ""receipt_attached"": true, ""nights"": 1}",outcome,choice,Outcome?,"{""it_approval"": ""send for IT approval"", ""missing_receipt"": ""return: receipt missing"", ""reimburse"": ""reimburse"", ""reject"": ""reject as out of policy""}",reimburse,it_approval,0.3344,False
incident,"{""customer_facing"": false, ""error_rate_pct"": 2.5, ""last_deploy"": ""no deploy in the last 7 days"", ""on_call"": ""ravi"", ""p95_latency_ms"": 542, ""service"": ""email sender"", ""started_minutes_ago"": 37}",severity,score,How severe is the impact?,"[""no impact"", ""minor: few users, workaround exists"", ""degraded: many users affected"", ""major outage: core flow down for most users""]",1,1,0.435,True
incident,"{""customer_facing"": false, ""error_rate_pct"": 2.5, ""last_deploy"": ""no deploy in the last 7 days"", ""on_call"": ""ravi"", ""p95_latency_ms"": 542, ""service"": ""email sender"", ""started_minutes_ago"": 37}",action,choice,What should on-call do?,"{""ignore"": ""no action, metrics are healthy"", ""page"": ""page the on-call engineer immediately"", ""ticket"": ""open a normal-priority ticket for business hours""}",ticket,ignore,0.3627,False
incident,"{""customer_facing"": false, ""error_rate_pct"": 2.5, ""last_deploy"": ""no deploy in the last 7 days"", ""on_call"": ""ravi"", ""p95_latency_ms"": 542, ""service"": ""email sender"", ""started_minutes_ago"": 37}",rollback,noul,The most recent deploy is a likely cause and should be rolled back.,"{""false"": ""no, the statement does not hold"", ""true"": ""yes, the statement holds""}",false,false,0.5878,True
incident,"{""customer_facing"": false, ""error_rate_pct"": 2.5, ""last_deploy"": ""no deploy in the last 7 days"", ""on_call"": ""ravi"", ""p95_latency_ms"": 542, ""service"": ""email sender"", ""started_minutes_ago"": 37}",urgent,noul,This is an urgent production incident that needs someone paged now.,"{""false"": ""no, the statement does not hold"", ""true"": ""yes, the statement holds""}",false,false,0.8067,True
fraud,"{""customer_avg_txn_usd"": 45, ""txn"": {""amount_usd"": 7474, ""card_country_matches_ip"": true, ""new_device"": false, ""txns_last_hour"": 1}}",action,choice,Payment decision?,"{""approve"": ""approve"", ""block"": ""block"", ""challenge"": ""step-up verification""}",challenge,approve,0.4736,False
fraud,"{""customer_avg_txn_usd"": 45, ""txn"": {""amount_usd"": 7474, ""card_country_matches_ip"": true, ""new_device"": false, ""txns_last_hour"": 1}}",suspicious,noul,This transaction looks suspicious.,"{""false"": ""no, the statement does not hold"", ""true"": ""yes, the statement holds""}",true,false,0.9368,False
fraud,"{""customer_avg_txn_usd"": 45, ""txn"": {""amount_usd"": 7474, ""card_country_matches_ip"": true, ""new_device"": false, ""txns_last_hour"": 1}}",risk,score,Fraud risk?,"[""low"", ""some"", ""elevated"", ""very high""]",1,1,0.4409,True
scheduling,"{""attendee_free_slots"": [""Wed 09:00"", ""Fri 11:00"", ""Mon 10:00""], ""meeting"": ""30 min project sync"", ""requested_slot"": ""Thu 16:00""}",available,noul,Everyone is free at the requested slot.,"{""false"": ""no, the statement does not hold"", ""true"": ""yes, the statement holds""}",false,false,0.7376,True
scheduling,"{""attendee_free_slots"": [""Wed 09:00"", ""Fri 11:00"", ""Mon 10:00""], ""meeting"": ""30 min project sync"", ""requested_slot"": ""Thu 16:00""}",action,choice,Scheduling action?,"{""book"": ""book the requested slot"", ""propose"": ""propose another slot""}",propose,book,0.6381,False
fraud,"{""customer_avg_txn_usd"": 45, ""txn"": {""amount_usd"": 41, ""card_country_matches_ip"": true, ""new_device"": true, ""txns_last_hour"": 1}}",action,choice,Payment decision?,"{""approve"": ""approve"", ""block"": ""block"", ""challenge"": ""step-up verification""}",challenge,approve,0.4754,False
fraud,"{""customer_avg_txn_usd"": 45, ""txn"": {""amount_usd"": 41, ""card_country_matches_ip"": true, ""new_device"": true, ""txns_last_hour"": 1}}",suspicious,noul,This transaction looks suspicious.,"{""false"": ""no, the statement does not hold"", ""true"": ""yes, the statement holds""}",true,false,0.9537,False
fraud,"{""customer_avg_txn_usd"": 45, ""txn"": {""amount_usd"": 41, ""card_country_matches_ip"": true, ""new_device"": true, ""txns_last_hour"": 1}}",risk,score,Fraud risk?,"[""low"", ""some"", ""elevated"", ""very high""]",1,1,0.4982,True
scheduling,"{""attendee_free_slots"": [""Fri 11:00"", ""Wed 09:00"", ""Thu 16:00""], ""meeting"": ""30 min project sync"", ""requested_slot"": ""Wed 09:00""}",action,choice,Scheduling action?,"{""book"": ""book the requested slot"", ""propose"": ""propose another slot""}",book,book,0.9254,True
scheduling,"{""attendee_free_slots"": [""Fri 11:00"", ""Wed 09:00"", ""Thu 16:00""], ""meeting"": ""30 min project sync"", ""requested_slot"": ""Wed 09:00""}",available,noul,Everyone is free at the requested slot.,"{""false"": ""no, the statement does not hold"", ""true"": ""yes, the statement holds""}",true,true,0.5587,True
fraud,"{""customer_avg_txn_usd"": 45, ""txn"": {""amount_usd"": 77, ""card_country_matches_ip"": true, ""new_device"": false, ""txns_last_hour"": 1}}",action,choice,Payment decision?,"{""approve"": ""approve"", ""block"": ""block"", ""challenge"": ""step-up verification""}",approve,challenge,0.4005,False
fraud,"{""customer_avg_txn_usd"": 45, ""txn"": {""amount_usd"": 77, ""card_country_matches_ip"": true, ""new_device"": false, ""txns_last_hour"": 1}}",suspicious,noul,This transaction looks suspicious.,"{""false"": ""no, the statement does not hold"", ""true"": ""yes, the statement holds""}",false,false,0.9247,True
fraud,"{""customer_avg_txn_usd"": 45, ""txn"": {""amount_usd"": 77, ""card_country_matches_ip"": true, ""new_device"": false, ""txns_last_hour"": 1}}",risk,score,Fraud risk?,"[""low"", ""some"", ""elevated"", ""very high""]",0,1,0.4579,False
refund,"{""customer"": {""refunds_last_90_days"": 0, ""tenure_months"": 19}, ""policy"": ""Refunds allowed within 30 days of delivery. Refunds over $500 need manager approval. Customers with 5+ refunds in 90 days are flagged for fraud review."", ""request"": {""amount_usd"": 1952, ""days_since_delivery"": 13, ""photo_attached"": false, ""reason"": ""changed my mind""}}",decision,choice,What should happen to this refund?,"{""approve"": ""approve automatically"", ""deny"": ""deny, outside policy"", ""fraud_review"": ""hold for fraud review"", ""manager"": ""send to a manager for approval""}",manager,manager,0.4732,True
refund,"{""customer"": {""refunds_last_90_days"": 0, ""tenure_months"": 19}, ""policy"": ""Refunds allowed within 30 days of delivery. Refunds over $500 need manager approval. Customers with 5+ refunds in 90 days are flagged for fraud review."", ""request"": {""amount_usd"": 1952, ""days_since_delivery"": 13, ""photo_attached"": false, ""reason"": ""changed my mind""}}",within,noul,The request is within the refund window.,"{""false"": ""no, the statement does not hold"", ""true"": ""yes, the statement holds""}",true,false,0.6087,False
refund,"{""customer"": {""refunds_last_90_days"": 0, ""tenure_months"": 19}, ""policy"": ""Refunds allowed within 30 days of delivery. Refunds over $500 need manager approval. Customers with 5+ refunds in 90 days are flagged for fraud review."", ""request"": {""amount_usd"": 1952, ""days_since_delivery"": 13, ""photo_attached"": false, ""reason"": ""changed my mind""}}",fraud,noul,The customer must be sent to fraud review.,"{""false"": ""no, the statement does not hold"", ""true"": ""yes, the statement holds""}",false,false,0.6245,True
email,"email: {""from"": ""legal@bigclient.com"", ""subject"": ""Signed renewal attached"", ""body"": ""Attached is the signed $240k renewal. Please countersign this week.""}; recipient_role: operations manager",folder,choice,How should this email be handled?,"{""act_now"": ""act on it today"", ""archive"": ""archive, no action"", ""read_later"": ""read later"", ""report"": ""report as phishing/spam""}",act_now,act_now,0.6162,True
email,"email: {""from"": ""legal@bigclient.com"", ""subject"": ""Signed renewal attached"", ""body"": ""Attached is the signed $240k renewal. Please countersign this week.""}; recipient_role: operations manager",malicious,noul,This email is phishing or a scam.,"{""false"": ""no, the statement does not hold"", ""true"": ""yes, the statement holds""}",false,false,0.9732,True
email,"email: {""from"": ""legal@bigclient.com"", ""subject"": ""Signed renewal attached"", ""body"": ""Attached is the signed $240k renewal. Please countersign this week.""}; recipient_role: operations manager",priority,score,Priority?,"[""none"", ""low"", ""medium"", ""high""]",2,3,0.5294,False
email,"email: {""from"": ""legal@bigclient.com"", ""subject"": ""Signed renewal attached"", ""body"": ""Attached is the signed $240k renewal. Please countersign this week.""}; recipient_role: operations manager",reply,noul,A personal reply is needed.,"{""false"": ""no, the statement does not hold"", ""true"": ""yes, the statement holds""}",true,true,0.5981,True
support,"{""account_age_days"": 1853, ""customer_plan"": ""free"", ""ticket"": ""My invoice shows the Pro plan but I'm on Basic. Why the extra charge?""}",team,choice,Which team should handle this ticket?,"{""billing"": ""billing and accounts"", ""engineering"": ""engineering (product broken)"", ""support"": ""general support""}",billing,billing,0.8786,True
support,"{""account_age_days"": 1853, ""customer_plan"": ""free"", ""ticket"": ""My invoice shows the Pro plan but I'm on Basic. Why the extra charge?""}",priority,score,What priority should this ticket get?,"[""low"", ""normal"", ""high"", ""urgent""]",2,1,0.3304,False
support,"{""account_age_days"": 1853, ""customer_plan"": ""free"", ""ticket"": ""My invoice shows the Pro plan but I'm on Basic. Why the extra charge?""}",needs_reply,noul,This ticket needs a reply from a human agent.,"{""false"": ""no, the statement does not hold"", ""true"": ""yes, the statement holds""}",true,false,0.808,False
support,"{""account_age_days"": 272, ""customer_plan"": ""free"", ""ticket"": ""I want to close my account and stop billing.""}",priority,score,What priority should this ticket get?,"[""low"", ""normal"", ""high"", ""urgent""]",2,3,0.4279,False
support,"{""account_age_days"": 272, ""customer_plan"": ""free"", ""ticket"": ""I want to close my account and stop billing.""}",needs_reply,noul,This ticket needs a reply from a human agent.,"{""false"": ""no, the statement does not hold"", ""true"": ""yes, the statement holds""}",true,false,0.9117,False
support,"{""account_age_days"": 272, ""customer_plan"": ""free"", ""ticket"": ""I want to close my account and stop billing.""}",team,choice,Which team should handle this ticket?,"{""billing"": ""billing and accounts"", ""engineering"": ""engineering (product broken)"", ""support"": ""general support""}",billing,billing,0.9646,True
privacy,"dataset_sample: order_id 5512, sku A-7, qty 3; destination: public S3 bucket; rule: PII may only go to internal encrypted storage.",risk,score,Privacy risk of the transfer?,"[""none"", ""low"", ""medium"", ""high""]",0,2,0.4236,False
privacy,"dataset_sample: order_id 5512, sku A-7, qty 3; destination: public S3 bucket; rule: PII may only go to internal encrypted storage.",pii,noul,The dataset contains personal data.,"{""false"": ""no, the statement does not hold"", ""true"": ""yes, the statement holds""}",false,false,0.6469,True
privacy,"dataset_sample: order_id 5512, sku A-7, qty 3; destination: public S3 bucket; rule: PII may only go to internal encrypted storage.",allowed,noul,This transfer is allowed.,"{""false"": ""no, the statement does not hold"", ""true"": ""yes, the statement holds""}",true,false,0.8008,False
incident,"{""customer_facing"": true, ""error_rate_pct"": 1.8, ""last_deploy"": ""v8.1.9 deployed 12 minutes ago"", ""on_call"": ""maria"", ""p95_latency_ms"": 651, ""service"": ""checkout"", ""started_minutes_ago"": 7}",severity,score,How severe is the impact?,"[""no impact"", ""minor: few users, workaround exists"", ""degraded: many users affected"", ""major outage: core flow down for most users""]",1,1,0.5007,True
incident,"{""customer_facing"": true, ""error_rate_pct"": 1.8, ""last_deploy"": ""v8.1.9 deployed 12 minutes ago"", ""on_call"": ""maria"", ""p95_latency_ms"": 651, ""service"": ""checkout"", ""started_minutes_ago"": 7}",urgent,noul,This is an urgent production incident that needs someone paged now.,"{""false"": ""no, the statement does not hold"", ""true"": ""yes, the statement holds""}",false,false,0.8895,True
incident,"{""customer_facing"": true, ""error_rate_pct"": 1.8, ""last_deploy"": ""v8.1.9 deployed 12 minutes ago"", ""on_call"": ""maria"", ""p95_latency_ms"": 651, ""service"": ""checkout"", ""started_minutes_ago"": 7}",action,choice,What should on-call do?,"{""ignore"": ""no action, metrics are healthy"", ""page"": ""page the on-call engineer immediately"", ""ticket"": ""open a normal-priority ticket for business hours""}",ticket,ignore,0.4022,False
email,"{""email"": {""body"": ""Click http://bit.ly/x9 to keep your mailbox. Enter your password."", ""from"": ""security@0urcompany-support.ru"", ""subject"": ""Your password expires today""}, ""recipient_role"": ""operations manager""}",folder,choice,How should this email be handled?,"{""act_now"": ""act on it today"", ""archive"": ""archive, no action"", ""read_later"": ""read later"", ""report"": ""report as phishing/spam""}",report,act_now,0.6514,False
email,"{""email"": {""body"": ""Click http://bit.ly/x9 to keep your mailbox. Enter your password."", ""from"": ""security@0urcompany-support.ru"", ""subject"": ""Your password expires today""}, ""recipient_role"": ""operations manager""}",reply,noul,A personal reply is needed.,"{""false"": ""no, the statement does not hold"", ""true"": ""yes, the statement holds""}",false,false,0.615,True
email,"{""email"": {""body"": ""Click http://bit.ly/x9 to keep your mailbox. Enter your password."", ""from"": ""security@0urcompany-support.ru"", ""subject"": ""Your password expires today""}, ""recipient_role"": ""operations manager""}",priority,score,Priority?,"[""none"", ""low"", ""medium"", ""high""]",0,2,0.4157,False
email,"{""email"": {""body"": ""Click http://bit.ly/x9 to keep your mailbox. Enter your password."", ""from"": ""security@0urcompany-support.ru"", ""subject"": ""Your password expires today""}, ""recipient_role"": ""operations manager""}",malicious,noul,This email is phishing or a scam.,"{""false"": ""no, the statement does not hold"", ""true"": ""yes, the statement holds""}",true,true,0.5708,True
security,"{""alert"": {""count"": 1711, ""event"": ""failed_logins"", ""source_ip_reputation"": ""known malicious"", ""then_success"": false, ""window_minutes"": 10}, ""user"": ""svc-backup""}",compromised,noul,The account or host is likely compromised.,"{""false"": ""no, the statement does not hold"", ""true"": ""yes, the statement holds""}",false,true,0.5442,False
security,"{""alert"": {""count"": 1711, ""event"": ""failed_logins"", ""source_ip_reputation"": ""known malicious"", ""then_success"": false, ""window_minutes"": 10}, ""user"": ""svc-backup""}",true_positive,noul,"This alert is a real security threat, not expected activity.","{""false"": ""no, the statement does not hold"", ""true"": ""yes, the statement holds""}",true,true,0.5547,True
security,"{""alert"": {""count"": 1711, ""event"": ""failed_logins"", ""source_ip_reputation"": ""known malicious"", ""then_success"": false, ""window_minutes"": 10}, ""user"": ""svc-backup""}",severity,score,Alert severity?,"[""informational"", ""low"", ""high"", ""critical""]",2,2,0.364,True
security,"{""alert"": {""count"": 1711, ""event"": ""failed_logins"", ""source_ip_reputation"": ""known malicious"", ""then_success"": false, ""window_minutes"": 10}, ""user"": ""svc-backup""}",action,choice,Best immediate action?,"{""block"": ""block the source IP"", ""close"": ""close as benign"", ""isolate"": ""isolate the host from the network"", ""monitor"": ""watch and follow up"", ""reset"": ""force password reset and revoke sessions""}",block,monitor,0.367,False
support,"{""account_age_days"": 1329, ""customer_plan"": ""free"", ""ticket"": ""Everything returns error 503 and we have a launch in an hour. Please help now.""}",priority,score,What priority should this ticket get?,"[""low"", ""normal"", ""high"", ""urgent""]",3,3,0.9009,True
support,"{""account_age_days"": 1329, ""customer_plan"": ""free"", ""ticket"": ""Everything returns error 503 and we have a launch in an hour. Please help now.""}",angry,noul,The customer is upset or frustrated.,"{""false"": ""no, the statement does not hold"", ""true"": ""yes, the statement holds""}",true,true,0.7438,True
support,"{""account_age_days"": 1329, ""customer_plan"": ""free"", ""ticket"": ""Everything returns error 503 and we have a launch in an hour. Please help now.""}",team,choice,Which team should handle this ticket?,"{""billing"": ""billing and accounts"", ""engineering"": ""engineering (product broken)"", ""support"": ""general support""}",engineering,engineering,0.8105,True
support,"{""account_age_days"": 1329, ""customer_plan"": ""free"", ""ticket"": ""Everything returns error 503 and we have a launch in an hour. Please help now.""}",needs_reply,noul,This ticket needs a reply from a human agent.,"{""false"": ""no, the statement does not hold"", ""true"": ""yes, the statement holds""}",true,true,0.7631,True
bug,"{""bug_report"": ""Opening the archive tab takes 1.5s instead of 1s on very old laptops."", ""reports_count"": 3}",severity,score,Bug severity?,"[""trivial"", ""minor"", ""major"", ""critical""]",1,2,0.4607,False
bug,"{""bug_report"": ""Opening the archive tab takes 1.5s instead of 1s on very old laptops."", ""reports_count"": 3}",hotfix,noul,This needs a hotfix outside the normal release cycle.,"{""false"": ""no, the statement does not hold"", ""true"": ""yes, the statement holds""}",false,false,0.7046,True
bug,"{""bug_report"": ""Opening the archive tab takes 1.5s instead of 1s on very old laptops."", ""reports_count"": 3}",area,choice,Kind of bug?,"{""data"": ""data integrity"", ""performance"": ""performance"", ""stability"": ""crash/stability"", ""ui"": ""visual/text""}",performance,ui,0.282,False
scheduling,"{""attendee_free_slots"": [""Thu 16:00"", ""Mon 10:00"", ""Wed 09:00""], ""meeting"": ""30 min project sync"", ""requested_slot"": ""Wed 09:00""}",action,choice,Scheduling action?,"{""book"": ""book the requested slot"", ""propose"": ""propose another slot""}",book,book,0.9445,True
scheduling,"{""attendee_free_slots"": [""Thu 16:00"", ""Mon 10:00"", ""Wed 09:00""], ""meeting"": ""30 min project sync"", ""requested_slot"": ""Wed 09:00""}",available,noul,Everyone is free at the requested slot.,"{""false"": ""no, the statement does not hold"", ""true"": ""yes, the statement holds""}",true,true,0.6399,True
refund,"policy: Refunds allowed within 30 days of delivery. Refunds over $500 need manager approval. Customers with 5+ refunds in 90 days are flagged for fraud review.; request: {""amount_usd"": 2639, ""days_since_delivery"": 14, ""reason"": ""did not like the colour"", ""photo_attached"": false}; customer: {""refunds_last_90_days"": 0, ""tenure_months"": 42}",decision,choice,What should happen to this refund?,"{""approve"": ""approve automatically"", ""deny"": ""deny, outside policy"", ""fraud_review"": ""hold for fraud review"", ""manager"": ""send to a manager for approval""}",manager,manager,0.3197,True
refund,"policy: Refunds allowed within 30 days of delivery. Refunds over $500 need manager approval. Customers with 5+ refunds in 90 days are flagged for fraud review.; request: {""amount_usd"": 2639, ""days_since_delivery"": 14, ""reason"": ""did not like the colour"", ""photo_attached"": false}; customer: {""refunds_last_90_days"": 0, ""tenure_months"": 42}",fraud,noul,The customer must be sent to fraud review.,"{""false"": ""no, the statement does not hold"", ""true"": ""yes, the statement holds""}",false,false,0.7759,True
refund,"policy: Refunds allowed within 30 days of delivery. Refunds over $500 need manager approval. Customers with 5+ refunds in 90 days are flagged for fraud review.; request: {""amount_usd"": 2639, ""days_since_delivery"": 14, ""reason"": ""did not like the colour"", ""photo_attached"": false}; customer: {""refunds_last_90_days"": 0, ""tenure_months"": 42}",within,noul,The request is within the refund window.,"{""false"": ""no, the statement does not hold"", ""true"": ""yes, the statement holds""}",true,false,0.5544,False
security,"{""alert"": {""event"": ""login"", ""locations"": [""London"", ""Sydney""], ""mfa_passed"": false, ""minutes_apart"": 21}, ""user"": ""j.doe""}",true_positive,noul,"This alert is a real security threat, not expected activity.","{""false"": ""no, the statement does not hold"", ""true"": ""yes, the statement holds""}",true,false,0.942,False
security,"{""alert"": {""event"": ""login"", ""locations"": [""London"", ""Sydney""], ""mfa_passed"": false, ""minutes_apart"": 21}, ""user"": ""j.doe""}",compromised,noul,The account or host is likely compromised.,"{""false"": ""no, the statement does not hold"", ""true"": ""yes, the statement holds""}",true,false,0.9167,False
security,"{""alert"": {""event"": ""login"", ""locations"": [""London"", ""Sydney""], ""mfa_passed"": false, ""minutes_apart"": 21}, ""user"": ""j.doe""}",action,choice,Best immediate action?,"{""block"": ""block the source IP"", ""close"": ""close as benign"", ""isolate"": ""isolate the host from the network"", ""monitor"": ""watch and follow up"", ""reset"": ""force password reset and revoke sessions""}",reset,monitor,0.4833,False
security,"{""alert"": {""event"": ""login"", ""locations"": [""London"", ""Sydney""], ""mfa_passed"": false, ""minutes_apart"": 21}, ""user"": ""j.doe""}",severity,score,Alert severity?,"[""informational"", ""low"", ""high"", ""critical""]",3,0,0.3468,False
moderation,"{""community"": ""gaming server"", ""post"": ""BUY CHEAP FOLLOWERS NOW >>> http://cheap-followers.biz <<<""}",harm,score,Potential harm?,"[""none"", ""low"", ""moderate"", ""severe""]",1,0,0.3077,False
moderation,"{""community"": ""gaming server"", ""post"": ""BUY CHEAP FOLLOWERS NOW >>> http://cheap-followers.biz <<<""}",action,choice,Moderation action?,"{""allow"": ""allow"", ""remove"": ""remove the post"", ""remove_and_escalate"": ""remove and escalate to trust & safety""}",remove,remove_and_escalate,0.4408,False
moderation,"{""community"": ""gaming server"", ""post"": ""BUY CHEAP FOLLOWERS NOW >>> http://cheap-followers.biz <<<""}",violates,noul,The post violates community rules.,"{""false"": ""no, the statement does not hold"", ""true"": ""yes, the statement holds""}",true,true,0.7181,True
deploy,"policy: Deploy only when CI passes, there is no change freeze, at least 2 approvals exist, and canary error rate is under 1%.; ci_passed: false; change_freeze: true; approvals: 0; canary_error_rate_pct: 13.02; friday_evening: true",blocker,choice,What blocks the deploy?,"{""approvals"": ""not enough approvals"", ""canary"": ""canary errors too high"", ""ci"": ""CI failing"", ""freeze"": ""change freeze"", ""none"": ""nothing, it can go""}",ci,canary,0.3891,False
deploy,"policy: Deploy only when CI passes, there is no change freeze, at least 2 approvals exist, and canary error rate is under 1%.; ci_passed: false; change_freeze: true; approvals: 0; canary_error_rate_pct: 13.02; friday_evening: true",go,noul,The deploy may proceed under the policy.,"{""false"": ""no, the statement does not hold"", ""true"": ""yes, the statement holds""}",false,false,0.8727,True
agent_trace,"{""task"": ""Rotate the staging TLS certificate"", ""trace_summary"": {""completed"": false, ""constraint_violations"": 0, ""irreversible_actions"": 0, ""steps"": 40, ""tool_errors"": 17}}",needs_review,noul,A human should review this agent run.,"{""false"": ""no, the statement does not hold"", ""true"": ""yes, the statement holds""}",true,false,0.5832,False
agent_trace,"{""task"": ""Rotate the staging TLS certificate"", ""trace_summary"": {""completed"": false, ""constraint_violations"": 0, ""irreversible_actions"": 0, ""steps"": 40, ""tool_errors"": 17}}",action,choice,What should oversight do?,"{""continue"": ""let it proceed"", ""human_review"": ""queue for human review"", ""stop"": ""halt the agent now""}",human_review,human_review,0.5736,True
agent_trace,"{""task"": ""Rotate the staging TLS certificate"", ""trace_summary"": {""completed"": false, ""constraint_violations"": 0, ""irreversible_actions"": 0, ""steps"": 40, ""tool_errors"": 17}}",outcome,choice,Outcome of the run?,"{""failure"": ""task not done"", ""harmful"": ""caused damage or broke a constraint"", ""success"": ""task done, no issues""}",failure,success,0.5197,False
logistics,"{""shipment"": {""carrier_status"": ""on time"", ""delay_days"": 0, ""perishable"": false, ""promised_delivery_days"": 7}}",notify,noul,The customer should be told about a delay.,"{""false"": ""no, the statement does not hold"", ""true"": ""yes, the statement holds""}",false,false,0.943,True
logistics,"{""shipment"": {""carrier_status"": ""on time"", ""delay_days"": 0, ""perishable"": false, ""promised_delivery_days"": 7}}",status,choice,Shipment status?,"{""major_delay"": ""major delay"", ""minor_delay"": ""minor delay"", ""on_time"": ""on time""}",on_time,on_time,0.8434,True
logistics,"{""shipment"": {""carrier_status"": ""on time"", ""delay_days"": 0, ""perishable"": false, ""promised_delivery_days"": 7}}",escalate,noul,This shipment needs escalation to the logistics lead.,"{""false"": ""no, the statement does not hold"", ""true"": ""yes, the statement holds""}",false,false,0.9214,True
inventory,sku: SKU-813; on_hand_units: 9; avg_daily_sales: 37; supplier_lead_time_days: 3; rule: Reorder when stock covers fewer days than the lead time.,stockout_risk,score,Stock-out risk?,"[""none"", ""low"", ""medium"", ""high""]",3,2,0.4104,False
inventory,sku: SKU-813; on_hand_units: 9; avg_daily_sales: 37; supplier_lead_time_days: 3; rule: Reorder when stock covers fewer days than the lead time.,reorder,noul,This SKU should be reordered now.,"{""false"": ""no, the statement does not hold"", ""true"": ""yes, the statement holds""}",true,true,0.8143,True
agent_trace,"{""task"": ""Clean up old log files"", ""trace_summary"": {""completed"": false, ""constraint_violations"": 1, ""irreversible_actions"": 1, ""note"": ""deleted the production database backup"", ""steps"": 6, ""tool_errors"": 0}}",outcome,choice,Outcome of the run?,"{""failure"": ""task not done"", ""harmful"": ""caused damage or broke a constraint"", ""success"": ""task done, no issues""}",harmful,harmful,0.58,True
agent_trace,"{""task"": ""Clean up old log files"", ""trace_summary"": {""completed"": false, ""constraint_violations"": 1, ""irreversible_actions"": 1, ""note"": ""deleted the production database backup"", ""steps"": 6, ""tool_errors"": 0}}",action,choice,What should oversight do?,"{""continue"": ""let it proceed"", ""human_review"": ""queue for human review"", ""stop"": ""halt the agent now""}",stop,human_review,0.5904,False
agent_trace,"{""task"": ""Clean up old log files"", ""trace_summary"": {""completed"": false, ""constraint_violations"": 1, ""irreversible_actions"": 1, ""note"": ""deleted the production database backup"", ""steps"": 6, ""tool_errors"": 0}}",needs_review,noul,A human should review this agent run.,"{""false"": ""no, the statement does not hold"", ""true"": ""yes, the statement holds""}",true,false,0.7563,False
email,"{""email"": {""body"": ""Send a fee to claim."", ""from"": ""winner@lottery-prize.biz"", ""subject"": ""YOU WON $5,000,000""}, ""recipient_role"": ""operations manager""}",folder,choice,How should this email be handled?,"{""act_now"": ""act on it today"", ""archive"": ""archive, no action"", ""read_later"": ""read later"", ""report"": ""report as phishing/spam""}",report,act_now,0.4542,False
email,"{""email"": {""body"": ""Send a fee to claim."", ""from"": ""winner@lottery-prize.biz"", ""subject"": ""YOU WON $5,000,000""}, ""recipient_role"": ""operations manager""}",priority,score,Priority?,"[""none"", ""low"", ""medium"", ""high""]",0,3,0.4814,False
email,"{""email"": {""body"": ""Send a fee to claim."", ""from"": ""winner@lottery-prize.biz"", ""subject"": ""YOU WON $5,000,000""}, ""recipient_role"": ""operations manager""}",reply,noul,A personal reply is needed.,"{""false"": ""no, the statement does not hold"", ""true"": ""yes, the statement holds""}",false,false,0.5551,True
email,"{""email"": {""body"": ""Send a fee to claim."", ""from"": ""winner@lottery-prize.biz"", ""subject"": ""YOU WON $5,000,000""}, ""recipient_role"": ""operations manager""}",malicious,noul,This email is phishing or a scam.,"{""false"": ""no, the statement does not hold"", ""true"": ""yes, the statement holds""}",true,true,0.5437,True
expense,"{""expense"": {""amount_usd"": 40, ""category"": ""alcohol"", ""nights"": null, ""receipt_attached"": true}, ""policy"": ""Receipts required. Meals up to $75. Flights economy only, up to $1,000. Hotels up to $300/night. Alcohol is never reimbursed. Software over $500 needs IT approval.""}",outcome,choice,Outcome?,"{""it_approval"": ""send for IT approval"", ""missing_receipt"": ""return: receipt missing"", ""reimburse"": ""reimburse"", ""reject"": ""reject as out of policy""}",reject,it_approval,0.391,False
expense,"{""expense"": {""amount_usd"": 40, ""category"": ""alcohol"", ""nights"": null, ""receipt_attached"": true}, ""policy"": ""Receipts required. Meals up to $75. Flights economy only, up to $1,000. Hotels up to $300/night. Alcohol is never reimbursed. Software over $500 needs IT approval.""}",within,noul,The expense is within policy limits.,"{""false"": ""no, the statement does not hold"", ""true"": ""yes, the statement holds""}",false,false,0.6081,True
hr,"{""policy"": ""Leave needs enough balance. Requests over 10 days need 14 days notice. No leave during the year-end blackout."", ""request"": {""balance_days"": 20, ""days"": 15, ""during_blackout"": false, ""notice_days"": 1, ""reason"": ""rest""}}",reason,choice,Main outcome?,"{""approve"": ""approve"", ""balance"": ""reject: not enough balance"", ""blackout"": ""reject: blackout period"", ""notice"": ""reject: too little notice""}",notice,balance,0.3549,False
hr,"{""policy"": ""Leave needs enough balance. Requests over 10 days need 14 days notice. No leave during the year-end blackout."", ""request"": {""balance_days"": 20, ""days"": 15, ""during_blackout"": false, ""notice_days"": 1, ""reason"": ""rest""}}",balance,noul,The employee has enough leave balance.,"{""false"": ""no, the statement does not hold"", ""true"": ""yes, the statement holds""}",true,false,0.7749,False
hr,"{""policy"": ""Leave needs enough balance. Requests over 10 days need 14 days notice. No leave during the year-end blackout."", ""request"": {""balance_days"": 20, ""days"": 15, ""during_blackout"": false, ""notice_days"": 1, ""reason"": ""rest""}}",approve,noul,The request can be approved under policy.,"{""false"": ""no, the statement does not hold"", ""true"": ""yes, the statement holds""}",false,false,0.8899,True
scheduling,"{""attendee_free_slots"": [""Wed 09:00"", ""Tue 14:00"", ""Mon 10:00""], ""meeting"": ""30 min project sync"", ""requested_slot"": ""Wed 09:00""}",action,choice,Scheduling action?,"{""book"": ""book the requested slot"", ""propose"": ""propose another slot""}",book,book,0.9736,True
scheduling,"{""attendee_free_slots"": [""Wed 09:00"", ""Tue 14:00"", ""Mon 10:00""], ""meeting"": ""30 min project sync"", ""requested_slot"": ""Wed 09:00""}",available,noul,Everyone is free at the requested slot.,"{""false"": ""no, the statement does not hold"", ""true"": ""yes, the statement holds""}",true,true,0.7417,True
code_review,"{""pr"": {""adds_tests"": false, ""ci"": ""failed"", ""diff_contains"": ""no secrets"", ""files_changed"": [""src/ui/button.tsx""], ""lines_changed"": 1013, ""title"": ""Fix typo""}}",verdict,choice,Review verdict?,"{""approve"": ""approve and merge"", ""block"": ""block: must be fixed before merge"", ""careful"": ""needs a careful senior review""}",block,block,0.4521,True
code_review,"{""pr"": {""adds_tests"": false, ""ci"": ""failed"", ""diff_contains"": ""no secrets"", ""files_changed"": [""src/ui/button.tsx""], ""lines_changed"": 1013, ""title"": ""Fix typo""}}",ci_ok,noul,CI is green for this pull request.,"{""false"": ""no, the statement does not hold"", ""true"": ""yes, the statement holds""}",false,false,0.7933,True
code_review,"{""pr"": {""adds_tests"": false, ""ci"": ""failed"", ""diff_contains"": ""no secrets"", ""files_changed"": [""src/ui/button.tsx""], ""lines_changed"": 1013, ""title"": ""Fix typo""}}",secret,noul,The diff leaks a credential.,"{""false"": ""no, the statement does not hold"", ""true"": ""yes, the statement holds""}",false,false,0.9447,True
code_review,"{""pr"": {""adds_tests"": false, ""ci"": ""failed"", ""diff_contains"": ""no secrets"", ""files_changed"": [""src/ui/button.tsx""], ""lines_changed"": 1013, ""title"": ""Fix typo""}}",risk,score,How risky is this change?,"[""trivial"", ""low"", ""medium"", ""high""]",2,2,0.4654,True
sales,"{""ideal_customer"": ""companies with 200+ employees, budget over $25k, buying within 6 months, decision-maker title"", ""lead"": {""buying_timeline"": ""just browsing"", ""company_employees"": 4, ""stated_budget_usd"": 372146, ""title"": ""intern""}}",decision_maker,noul,The contact is a decision-maker.,"{""false"": ""no, the statement does not hold"", ""true"": ""yes, the statement holds""}",false,false,0.8521,True
sales,"{""ideal_customer"": ""companies with 200+ employees, budget over $25k, buying within 6 months, decision-maker title"", ""lead"": {""buying_timeline"": ""just browsing"", ""company_employees"": 4, ""stated_budget_usd"": 372146, ""title"": ""intern""}}",route,choice,Route the lead:,"{""disqualify"": ""disqualify"", ""nurture"": ""marketing nurture"", ""sales"": ""hand to sales now""}",disqualify,sales,0.3868,False
sales,"{""ideal_customer"": ""companies with 200+ employees, budget over $25k, buying within 6 months, decision-maker title"", ""lead"": {""buying_timeline"": ""just browsing"", ""company_employees"": 4, ""stated_budget_usd"": 372146, ""title"": ""intern""}}",fit,score,How well does this lead fit the ideal customer?,"[""poor"", ""weak"", ""partial"", ""strong""]",0,2,0.4601,False
inventory,"{""avg_daily_sales"": 55, ""on_hand_units"": 561, ""rule"": ""Reorder when stock covers fewer days than the lead time."", ""sku"": ""SKU-733"", ""supplier_lead_time_days"": 3}",stockout_risk,score,Stock-out risk?,"[""none"", ""low"", ""medium"", ""high""]",0,2,0.4473,False
inventory,"{""avg_daily_sales"": 55, ""on_hand_units"": 561, ""rule"": ""Reorder when stock covers fewer days than the lead time."", ""sku"": ""SKU-733"", ""supplier_lead_time_days"": 3}",reorder,noul,This SKU should be reordered now.,"{""false"": ""no, the statement does not hold"", ""true"": ""yes, the statement holds""}",false,false,0.7982,True
hr,"{""policy"": ""Leave needs enough balance. Requests over 10 days need 14 days notice. No leave during the year-end blackout."", ""request"": {""balance_days"": 20, ""days"": 12, ""during_blackout"": false, ""notice_days"": 30, ""reason"": ""family event""}}",approve,noul,The request can be approved under policy.,"{""false"": ""no, the statement does not hold"", ""true"": ""yes, the statement holds""}",true,false,0.8311,False
hr,"{""policy"": ""Leave needs enough balance. Requests over 10 days need 14 days notice. No leave during the year-end blackout."", ""request"": {""balance_days"": 20, ""days"": 12, ""during_blackout"": false, ""notice_days"": 30, ""reason"": ""family event""}}",reason,choice,Main outcome?,"{""approve"": ""approve"", ""balance"": ""reject: not enough balance"", ""blackout"": ""reject: blackout period"", ""notice"": ""reject: too little notice""}",approve,balance,0.3588,False
hr,"{""policy"": ""Leave needs enough balance. Requests over 10 days need 14 days notice. No leave during the year-end blackout."", ""request"": {""balance_days"": 20, ""days"": 12, ""during_blackout"": false, ""notice_days"": 30, ""reason"": ""family event""}}",balance,noul,The employee has enough leave balance.,"{""false"": ""no, the statement does not hold"", ""true"": ""yes, the statement holds""}",true,false,0.6664,False
fraud,"{""customer_avg_txn_usd"": 45, ""txn"": {""amount_usd"": 7457, ""card_country_matches_ip"": true, ""new_device"": true, ""txns_last_hour"": 14}}",action,choice,Payment decision?,"{""approve"": ""approve"", ""block"": ""block"", ""challenge"": ""step-up verification""}",block,approve,0.5484,False
fraud,"{""customer_avg_txn_usd"": 45, ""txn"": {""amount_usd"": 7457, ""card_country_matches_ip"": true, ""new_device"": true, ""txns_last_hour"": 14}}",risk,score,Fraud risk?,"[""low"", ""some"", ""elevated"", ""very high""]",3,1,0.395,False
fraud,"{""customer_avg_txn_usd"": 45, ""txn"": {""amount_usd"": 7457, ""card_country_matches_ip"": true, ""new_device"": true, ""txns_last_hour"": 14}}",suspicious,noul,This transaction looks suspicious.,"{""false"": ""no, the statement does not hold"", ""true"": ""yes, the statement holds""}",true,false,0.943,False
moderation,"{""community"": ""product community"", ""post"": ""You're a worthless idiot and everyone here hates you, just leave.""}",harm,score,Potential harm?,"[""none"", ""low"", ""moderate"", ""severe""]",2,3,0.7926,False
moderation,"{""community"": ""product community"", ""post"": ""You're a worthless idiot and everyone here hates you, just leave.""}",action,choice,Moderation action?,"{""allow"": ""allow"", ""remove"": ""remove the post"", ""remove_and_escalate"": ""remove and escalate to trust & safety""}",remove,remove,0.6048,True
moderation,"{""community"": ""product community"", ""post"": ""You're a worthless idiot and everyone here hates you, just leave.""}",violates,noul,The post violates community rules.,"{""false"": ""no, the statement does not hold"", ""true"": ""yes, the statement holds""}",true,false,0.5325,False
security,"{""alert"": {""action_taken"": ""none"", ""event"": ""edr_alert"", ""file"": ""invoice_2026.pdf.exe"", ""host"": ""FIN-LAPTOP-07""}, ""user"": ""m.garcia""}",severity,score,Alert severity?,"[""informational"", ""low"", ""high"", ""critical""]",3,0,0.4219,False
security,"{""alert"": {""action_taken"": ""none"", ""event"": ""edr_alert"", ""file"": ""invoice_2026.pdf.exe"", ""host"": ""FIN-LAPTOP-07""}, ""user"": ""m.garcia""}",compromised,noul,The account or host is likely compromised.,"{""false"": ""no, the statement does not hold"", ""true"": ""yes, the statement holds""}",true,false,0.7567,False
security,"{""alert"": {""action_taken"": ""none"", ""event"": ""edr_alert"", ""file"": ""invoice_2026.pdf.exe"", ""host"": ""FIN-LAPTOP-07""}, ""user"": ""m.garcia""}",action,choice,Best immediate action?,"{""block"": ""block the source IP"", ""close"": ""close as benign"", ""isolate"": ""isolate the host from the network"", ""monitor"": ""watch and follow up"", ""reset"": ""force password reset and revoke sessions""}",isolate,monitor,0.4752,False
security,"{""alert"": {""action_taken"": ""none"", ""event"": ""edr_alert"", ""file"": ""invoice_2026.pdf.exe"", ""host"": ""FIN-LAPTOP-07""}, ""user"": ""m.garcia""}",true_positive,noul,"This alert is a real security threat, not expected activity.","{""false"": ""no, the statement does not hold"", ""true"": ""yes, the statement holds""}",true,false,0.7368,False
code_review,"{""pr"": {""adds_tests"": true, ""ci"": ""passed"", ""diff_contains"": ""no secrets"", ""files_changed"": [""migrations/0042_drop_users.sql""], ""lines_changed"": 31, ""title"": ""Refactor session handling""}}",verdict,choice,Review verdict?,"{""approve"": ""approve and merge"", ""block"": ""block: must be fixed before merge"", ""careful"": ""needs a careful senior review""}",careful,approve,0.3766,False
code_review,"{""pr"": {""adds_tests"": true, ""ci"": ""passed"", ""diff_contains"": ""no secrets"", ""files_changed"": [""migrations/0042_drop_users.sql""], ""lines_changed"": 31, ""title"": ""Refactor session handling""}}",secret,noul,The diff leaks a credential.,"{""false"": ""no, the statement does not hold"", ""true"": ""yes, the statement holds""}",false,false,0.9286,True
code_review,"{""pr"": {""adds_tests"": true, ""ci"": ""passed"", ""diff_contains"": ""no secrets"", ""files_changed"": [""migrations/0042_drop_users.sql""], ""lines_changed"": 31, ""title"": ""Refactor session handling""}}",risk,score,How risky is this change?,"[""trivial"", ""low"", ""medium"", ""high""]",3,2,0.5273,False
code_review,"{""pr"": {""adds_tests"": true, ""ci"": ""passed"", ""diff_contains"": ""no secrets"", ""files_changed"": [""migrations/0042_drop_users.sql""], ""lines_changed"": 31, ""title"": ""Refactor session handling""}}",ci_ok,noul,CI is green for this pull request.,"{""false"": ""no, the statement does not hold"", ""true"": ""yes, the statement holds""}",true,false,0.6153,False
security,"{""alert"": {""clicked_link"": false, ""event"": ""user_reported_email"", ""other_recipients"": 3}, ""user"": ""s.lee""}",compromised,noul,The account or host is likely compromised.,"{""false"": ""no, the statement does not hold"", ""true"": ""yes, the statement holds""}",false,false,0.8993,True
security,"{""alert"": {""clicked_link"": false, ""event"": ""user_reported_email"", ""other_recipients"": 3}, ""user"": ""s.lee""}",true_positive,noul,"This alert is a real security threat, not expected activity.","{""false"": ""no, the statement does not hold"", ""true"": ""yes, the statement holds""}",true,false,0.8757,False
security,"{""alert"": {""clicked_link"": false, ""event"": ""user_reported_email"", ""other_recipients"": 3}, ""user"": ""s.lee""}",action,choice,Best immediate action?,"{""block"": ""block the source IP"", ""close"": ""close as benign"", ""isolate"": ""isolate the host from the network"", ""monitor"": ""watch and follow up"", ""reset"": ""force password reset and revoke sessions""}",monitor,monitor,0.4334,True
security,"{""alert"": {""clicked_link"": false, ""event"": ""user_reported_email"", ""other_recipients"": 3}, ""user"": ""s.lee""}",severity,score,Alert severity?,"[""informational"", ""low"", ""high"", ""critical""]",1,0,0.4084,False
invoice,"{""invoice"": {""amount_usd"": 49676, ""bank_details_changed_since_last_payment"": false, ""number"": ""INV-3594"", ""po_amount_usd"": 49676, ""same_number_already_paid"": false, ""vendor"": ""Acme Supplies"", ""vendor_on_file"": true}, ""policy"": ""Invoices must match a PO within 2%. Over $10,000 needs CFO sign-off. New vendors or changed bank details need verification by phone. Duplicate invoice numbers must be rejected.""}",route,choice,Where should this invoice go?,"{""cfo"": ""send to the CFO for sign-off"", ""hold"": ""hold, PO mismatch or missing"", ""pay"": ""schedule payment"", ""reject"": ""reject as a duplicate"", ""verify"": ""verify vendor or bank details first""}",cfo,cfo,0.4162,True
invoice,"{""invoice"": {""amount_usd"": 49676, ""bank_details_changed_since_last_payment"": false, ""number"": ""INV-3594"", ""po_amount_usd"": 49676, ""same_number_already_paid"": false, ""vendor"": ""Acme Supplies"", ""vendor_on_file"": true}, ""policy"": ""Invoices must match a PO within 2%. Over $10,000 needs CFO sign-off. New vendors or changed bank details need verification by phone. Duplicate invoice numbers must be rejected.""}",po_match,noul,The invoice matches its purchase order within policy.,"{""false"": ""no, the statement does not hold"", ""true"": ""yes, the statement holds""}",true,false,0.5318,False
invoice,"{""invoice"": {""amount_usd"": 49676, ""bank_details_changed_since_last_payment"": false, ""number"": ""INV-3594"", ""po_amount_usd"": 49676, ""same_number_already_paid"": false, ""vendor"": ""Acme Supplies"", ""vendor_on_file"": true}, ""policy"": ""Invoices must match a PO within 2%. Over $10,000 needs CFO sign-off. New vendors or changed bank details need verification by phone. Duplicate invoice numbers must be rejected.""}",risk,score,How risky is paying this invoice as-is?,"[""no risk"", ""low"", ""medium"", ""high""]",1,2,0.4554,False
invoice,"{""invoice"": {""amount_usd"": 49676, ""bank_details_changed_since_last_payment"": false, ""number"": ""INV-3594"", ""po_amount_usd"": 49676, ""same_number_already_paid"": false, ""vendor"": ""Acme Supplies"", ""vendor_on_file"": true}, ""policy"": ""Invoices must match a PO within 2%. Over $10,000 needs CFO sign-off. New vendors or changed bank details need verification by phone. Duplicate invoice numbers must be rejected.""}",verify,noul,Payment details must be verified by phone before paying.,"{""false"": ""no, the statement does not hold"", ""true"": ""yes, the statement holds""}",false,true,0.5168,False
access,"{""manager_approved"": false, ""policy"": ""Interns and contractors never get prod admin or payroll. Payroll only for finance. Every grant needs manager approval."", ""requester_role"": ""intern"", ""resource"": ""staging logs""}",grant,noul,Access can be granted.,"{""false"": ""no, the statement does not hold"", ""true"": ""yes, the statement holds""}",false,false,0.6816,True
access,"{""manager_approved"": false, ""policy"": ""Interns and contractors never get prod admin or payroll. Payroll only for finance. Every grant needs manager approval."", ""requester_role"": ""intern"", ""resource"": ""staging logs""}",decision,choice,Decision?,"{""deny"": ""deny: role not allowed"", ""grant"": ""grant"", ""need_manager"": ""wait for manager approval""}",need_manager,need_manager,0.6382,True
fraud,"{""customer_avg_txn_usd"": 45, ""txn"": {""amount_usd"": 73, ""card_country_matches_ip"": false, ""new_device"": false, ""txns_last_hour"": 1}}",risk,score,Fraud risk?,"[""low"", ""some"", ""elevated"", ""very high""]",1,1,0.4462,True
fraud,"{""customer_avg_txn_usd"": 45, ""txn"": {""amount_usd"": 73, ""card_country_matches_ip"": false, ""new_device"": false, ""txns_last_hour"": 1}}",action,choice,Payment decision?,"{""approve"": ""approve"", ""block"": ""block"", ""challenge"": ""step-up verification""}",challenge,challenge,0.4807,True
fraud,"{""customer_avg_txn_usd"": 45, ""txn"": {""amount_usd"": 73, ""card_country_matches_ip"": false, ""new_device"": false, ""txns_last_hour"": 1}}",suspicious,noul,This transaction looks suspicious.,"{""false"": ""no, the statement does not hold"", ""true"": ""yes, the statement holds""}",true,false,0.8299,False
support,"{""account_age_days"": 653, ""customer_plan"": ""enterprise"", ""ticket"": ""Dark mode makes the settings text unreadable (black on black).""}",priority,score,What priority should this ticket get?,"[""low"", ""normal"", ""high"", ""urgent""]",1,1,0.2943,True
support,"{""account_age_days"": 653, ""customer_plan"": ""enterprise"", ""ticket"": ""Dark mode makes the settings text unreadable (black on black).""}",team,choice,Which team should handle this ticket?,"{""billing"": ""billing and accounts"", ""engineering"": ""engineering (product broken)"", ""support"": ""general support""}",engineering,support,0.5227,False
support,"{""account_age_days"": 653, ""customer_plan"": ""enterprise"", ""ticket"": ""Dark mode makes the settings text unreadable (black on black).""}",needs_reply,noul,This ticket needs a reply from a human agent.,"{""false"": ""no, the statement does not hold"", ""true"": ""yes, the statement holds""}",true,false,0.7971,False
deploy,"policy: Deploy only when CI passes, there is no change freeze, at least 2 approvals exist, and canary error rate is under 1%.; ci_passed: true; change_freeze: false; approvals: 0; canary_error_rate_pct: 0.27; friday_evening: true",blocker,choice,What blocks the deploy?,"{""approvals"": ""not enough approvals"", ""canary"": ""canary errors too high"", ""ci"": ""CI failing"", ""freeze"": ""change freeze"", ""none"": ""nothing, it can go""}",approvals,none,0.3882,False
deploy,"policy: Deploy only when CI passes, there is no change freeze, at least 2 approvals exist, and canary error rate is under 1%.; ci_passed: true; change_freeze: false; approvals: 0; canary_error_rate_pct: 0.27; friday_evening: true",go,noul,The deploy may proceed under the policy.,"{""false"": ""no, the statement does not hold"", ""true"": ""yes, the statement holds""}",false,true,0.6044,False
sales,"lead: {""company_employees"": 13, ""stated_budget_usd"": 95548, ""buying_timeline"": ""next year"", ""title"": ""intern""}; ideal_customer: companies with 200+ employees, budget over $25k, buying within 6 months, decision-maker title",route,choice,Route the lead:,"{""disqualify"": ""disqualify"", ""nurture"": ""marketing nurture"", ""sales"": ""hand to sales now""}",disqualify,sales,0.533,False
sales,"lead: {""company_employees"": 13, ""stated_budget_usd"": 95548, ""buying_timeline"": ""next year"", ""title"": ""intern""}; ideal_customer: companies with 200+ employees, budget over $25k, buying within 6 months, decision-maker title",fit,score,How well does this lead fit the ideal customer?,"[""poor"", ""weak"", ""partial"", ""strong""]",0,2,0.4107,False
sales,"lead: {""company_employees"": 13, ""stated_budget_usd"": 95548, ""buying_timeline"": ""next year"", ""title"": ""intern""}; ideal_customer: companies with 200+ employees, budget over $25k, buying within 6 months, decision-maker title",decision_maker,noul,The contact is a decision-maker.,"{""false"": ""no, the statement does not hold"", ""true"": ""yes, the statement holds""}",false,false,0.6787,True
invoice,"policy: Invoices must match a PO within 2%. Over $10,000 needs CFO sign-off. New vendors or changed bank details need verification by phone. Duplicate invoice numbers must be rejected.; invoice: {""number"": ""INV-3561"", ""amount_usd"": 58025, ""vendor"": ""Northwind"", ""po_amount_usd"": 104445, ""vendor_on_file"": true, ""bank_details_changed_since_last_payment"": true, ""same_number_already_paid"": false}",route,choice,Where should this invoice go?,"{""cfo"": ""send to the CFO for sign-off"", ""hold"": ""hold, PO mismatch or missing"", ""pay"": ""schedule payment"", ""reject"": ""reject as a duplicate"", ""verify"": ""verify vendor or bank details first""}",verify,cfo,0.3382,False
invoice,"policy: Invoices must match a PO within 2%. Over $10,000 needs CFO sign-off. New vendors or changed bank details need verification by phone. Duplicate invoice numbers must be rejected.; invoice: {""number"": ""INV-3561"", ""amount_usd"": 58025, ""vendor"": ""Northwind"", ""po_amount_usd"": 104445, ""vendor_on_file"": true, ""bank_details_changed_since_last_payment"": true, ""same_number_already_paid"": false}",risk,score,How risky is paying this invoice as-is?,"[""no risk"", ""low"", ""medium"", ""high""]",3,2,0.4306,False
invoice,"policy: Invoices must match a PO within 2%. Over $10,000 needs CFO sign-off. New vendors or changed bank details need verification by phone. Duplicate invoice numbers must be rejected.; invoice: {""number"": ""INV-3561"", ""amount_usd"": 58025, ""vendor"": ""Northwind"", ""po_amount_usd"": 104445, ""vendor_on_file"": true, ""bank_details_changed_since_last_payment"": true, ""same_number_already_paid"": false}",po_match,noul,The invoice matches its purchase order within policy.,"{""false"": ""no, the statement does not hold"", ""true"": ""yes, the statement holds""}",false,false,0.5646,True
invoice,"policy: Invoices must match a PO within 2%. Over $10,000 needs CFO sign-off. New vendors or changed bank details need verification by phone. Duplicate invoice numbers must be rejected.; invoice: {""number"": ""INV-3561"", ""amount_usd"": 58025, ""vendor"": ""Northwind"", ""po_amount_usd"": 104445, ""vendor_on_file"": true, ""bank_details_changed_since_last_payment"": true, ""same_number_already_paid"": false}",verify,noul,Payment details must be verified by phone before paying.,"{""false"": ""no, the statement does not hold"", ""true"": ""yes, the statement holds""}",true,true,0.5299,True
privacy,"{""dataset_sample"": ""name: Jane Roe, SSN 123-45-6789, card 4111 1111 1111 1111"", ""destination"": ""internal encrypted warehouse"", ""rule"": ""PII may only go to internal encrypted storage.""}",risk,score,Privacy risk of the transfer?,"[""none"", ""low"", ""medium"", ""high""]",1,2,0.3665,False
privacy,"{""dataset_sample"": ""name: Jane Roe, SSN 123-45-6789, card 4111 1111 1111 1111"", ""destination"": ""internal encrypted warehouse"", ""rule"": ""PII may only go to internal encrypted storage.""}",allowed,noul,This transfer is allowed.,"{""false"": ""no, the statement does not hold"", ""true"": ""yes, the statement holds""}",true,true,0.5248,True
privacy,"{""dataset_sample"": ""name: Jane Roe, SSN 123-45-6789, card 4111 1111 1111 1111"", ""destination"": ""internal encrypted warehouse"", ""rule"": ""PII may only go to internal encrypted storage.""}",pii,noul,The dataset contains personal data.,"{""false"": ""no, the statement does not hold"", ""true"": ""yes, the statement holds""}",true,true,0.6327,True
code_review,"pr: {""title"": ""Fix typo"", ""files_changed"": [""src/ui/button.tsx""], ""lines_changed"": 1584, ""adds_tests"": true, ""ci"": ""failed"", ""diff_contains"": ""no secrets""}",ci_ok,noul,CI is green for this pull request.,"{""false"": ""no, the statement does not hold"", ""true"": ""yes, the statement holds""}",false,false,0.8882,True
code_review,"pr: {""title"": ""Fix typo"", ""files_changed"": [""src/ui/button.tsx""], ""lines_changed"": 1584, ""adds_tests"": true, ""ci"": ""failed"", ""diff_contains"": ""no secrets""}",verdict,choice,Review verdict?,"{""approve"": ""approve and merge"", ""block"": ""block: must be fixed before merge"", ""careful"": ""needs a careful senior review""}",block,careful,0.3755,False
code_review,"pr: {""title"": ""Fix typo"", ""files_changed"": [""src/ui/button.tsx""], ""lines_changed"": 1584, ""adds_tests"": true, ""ci"": ""failed"", ""diff_contains"": ""no secrets""}",secret,noul,The diff leaks a credential.,"{""false"": ""no, the statement does not hold"", ""true"": ""yes, the statement holds""}",false,false,0.8627,True
code_review,"pr: {""title"": ""Fix typo"", ""files_changed"": [""src/ui/button.tsx""], ""lines_changed"": 1584, ""adds_tests"": true, ""ci"": ""failed"", ""diff_contains"": ""no secrets""}",risk,score,How risky is this change?,"[""trivial"", ""low"", ""medium"", ""high""]",2,2,0.4202,True
invoice,"{""invoice"": {""amount_usd"": 38884, ""bank_details_changed_since_last_payment"": false, ""number"": ""INV-2673"", ""po_amount_usd"": 69991, ""same_number_already_paid"": false, ""vendor"": ""Initech"", ""vendor_on_file"": true}, ""policy"": ""Invoices must match a PO within 2%. Over $10,000 needs CFO sign-off. New vendors or changed bank details need verification by phone. Duplicate invoice numbers must be rejected.""}",verify,noul,Payment details must be verified by phone before paying.,"{""false"": ""no, the statement does not hold"", ""true"": ""yes, the statement holds""}",false,true,0.5606,False
invoice,"{""invoice"": {""amount_usd"": 38884, ""bank_details_changed_since_last_payment"": false, ""number"": ""INV-2673"", ""po_amount_usd"": 69991, ""same_number_already_paid"": false, ""vendor"": ""Initech"", ""vendor_on_file"": true}, ""policy"": ""Invoices must match a PO within 2%. Over $10,000 needs CFO sign-off. New vendors or changed bank details need verification by phone. Duplicate invoice numbers must be rejected.""}",risk,score,How risky is paying this invoice as-is?,"[""no risk"", ""low"", ""medium"", ""high""]",2,2,0.4426,True
invoice,"{""invoice"": {""amount_usd"": 38884, ""bank_details_changed_since_last_payment"": false, ""number"": ""INV-2673"", ""po_amount_usd"": 69991, ""same_number_already_paid"": false, ""vendor"": ""Initech"", ""vendor_on_file"": true}, ""policy"": ""Invoices must match a PO within 2%. Over $10,000 needs CFO sign-off. New vendors or changed bank details need verification by phone. Duplicate invoice numbers must be rejected.""}",po_match,noul,The invoice matches its purchase order within policy.,"{""false"": ""no, the statement does not hold"", ""true"": ""yes, the statement holds""}",false,false,0.5605,True
invoice,"{""invoice"": {""amount_usd"": 38884, ""bank_details_changed_since_last_payment"": false, ""number"": ""INV-2673"", ""po_amount_usd"": 69991, ""same_number_already_paid"": false, ""vendor"": ""Initech"", ""vendor_on_file"": true}, ""policy"": ""Invoices must match a PO within 2%. Over $10,000 needs CFO sign-off. New vendors or changed bank details need verification by phone. Duplicate invoice numbers must be rejected.""}",route,choice,Where should this invoice go?,"{""cfo"": ""send to the CFO for sign-off"", ""hold"": ""hold, PO mismatch or missing"", ""pay"": ""schedule payment"", ""reject"": ""reject as a duplicate"", ""verify"": ""verify vendor or bank details first""}",hold,cfo,0.4269,False
agent_trace,"{""task"": ""Clean up old log files"", ""trace_summary"": {""completed"": true, ""constraint_violations"": 1, ""irreversible_actions"": 0, ""note"": ""spent $480 against a $50 budget"", ""steps"": 14, ""tool_errors"": 0}}",needs_review,noul,A human should review this agent run.,"{""false"": ""no, the statement does not hold"", ""true"": ""yes, the statement holds""}",true,false,0.7723,False
agent_trace,"{""task"": ""Clean up old log files"", ""trace_summary"": {""completed"": true, ""constraint_violations"": 1, ""irreversible_actions"": 0, ""note"": ""spent $480 against a $50 budget"", ""steps"": 14, ""tool_errors"": 0}}",outcome,choice,Outcome of the run?,"{""failure"": ""task not done"", ""harmful"": ""caused damage or broke a constraint"", ""success"": ""task done, no issues""}",harmful,success,0.8734,False
agent_trace,"{""task"": ""Clean up old log files"", ""trace_summary"": {""completed"": true, ""constraint_violations"": 1, ""irreversible_actions"": 0, ""note"": ""spent $480 against a $50 budget"", ""steps"": 14, ""tool_errors"": 0}}",action,choice,What should oversight do?,"{""continue"": ""let it proceed"", ""human_review"": ""queue for human review"", ""stop"": ""halt the agent now""}",human_review,continue,0.7056,False
bug,"{""bug_report"": ""App crashes on launch for all Android 15 users after today's update."", ""reports_count"": 900}",area,choice,Kind of bug?,"{""data"": ""data integrity"", ""performance"": ""performance"", ""stability"": ""crash/stability"", ""ui"": ""visual/text""}",stability,stability,0.6865,True
bug,"{""bug_report"": ""App crashes on launch for all Android 15 users after today's update."", ""reports_count"": 900}",severity,score,Bug severity?,"[""trivial"", ""minor"", ""major"", ""critical""]",3,3,0.4788,True
bug,"{""bug_report"": ""App crashes on launch for all Android 15 users after today's update."", ""reports_count"": 900}",hotfix,noul,This needs a hotfix outside the normal release cycle.,"{""false"": ""no, the statement does not hold"", ""true"": ""yes, the statement holds""}",true,true,0.6433,True
invoice,"{""invoice"": {""amount_usd"": 3668, ""bank_details_changed_since_last_payment"": false, ""number"": ""INV-2774"", ""po_amount_usd"": null, ""same_number_already_paid"": false, ""vendor"": ""Northwind"", ""vendor_on_file"": false}, ""policy"": ""Invoices must match a PO within 2%. Over $10,000 needs CFO sign-off. New vendors or changed bank details need verification by phone. Duplicate invoice numbers must be rejected.""}",verify,noul,Payment details must be verified by phone before paying.,"{""false"": ""no, the statement does not hold"", ""true"": ""yes, the statement holds""}",true,true,0.5988,True
invoice,"{""invoice"": {""amount_usd"": 3668, ""bank_details_changed_since_last_payment"": false, ""number"": ""INV-2774"", ""po_amount_usd"": null, ""same_number_already_paid"": false, ""vendor"": ""Northwind"", ""vendor_on_file"": false}, ""policy"": ""Invoices must match a PO within 2%. Over $10,000 needs CFO sign-off. New vendors or changed bank details need verification by phone. Duplicate invoice numbers must be rejected.""}",po_match,noul,The invoice matches its purchase order within policy.,"{""false"": ""no, the statement does not hold"", ""true"": ""yes, the statement holds""}",false,false,0.5479,True
invoice,"{""invoice"": {""amount_usd"": 3668, ""bank_details_changed_since_last_payment"": false, ""number"": ""INV-2774"", ""po_amount_usd"": null, ""same_number_already_paid"": false, ""vendor"": ""Northwind"", ""vendor_on_file"": false}, ""policy"": ""Invoices must match a PO within 2%. Over $10,000 needs CFO sign-off. New vendors or changed bank details need verification by phone. Duplicate invoice numbers must be rejected.""}",route,choice,Where should this invoice go?,"{""cfo"": ""send to the CFO for sign-off"", ""hold"": ""hold, PO mismatch or missing"", ""pay"": ""schedule payment"", ""reject"": ""reject as a duplicate"", ""verify"": ""verify vendor or bank details first""}",verify,cfo,0.4192,False
invoice,"{""invoice"": {""amount_usd"": 3668, ""bank_details_changed_since_last_payment"": false, ""number"": ""INV-2774"", ""po_amount_usd"": null, ""same_number_already_paid"": false, ""vendor"": ""Northwind"", ""vendor_on_file"": false}, ""policy"": ""Invoices must match a PO within 2%. Over $10,000 needs CFO sign-off. New vendors or changed bank details need verification by phone. Duplicate invoice numbers must be rejected.""}",risk,score,How risky is paying this invoice as-is?,"[""no risk"", ""low"", ""medium"", ""high""]",2,2,0.4367,True
sales,"{""ideal_customer"": ""companies with 200+ employees, budget over $25k, buying within 6 months, decision-maker title"", ""lead"": {""buying_timeline"": ""just browsing"", ""company_employees"": 18433, ""stated_budget_usd"": 0, ""title"": ""intern""}}",fit,score,How well does this lead fit the ideal customer?,"[""poor"", ""weak"", ""partial"", ""strong""]",0,2,0.3648,False
sales,"{""ideal_customer"": ""companies with 200+ employees, budget over $25k, buying within 6 months, decision-maker title"", ""lead"": {""buying_timeline"": ""just browsing"", ""company_employees"": 18433, ""stated_budget_usd"": 0, ""title"": ""intern""}}",route,choice,Route the lead:,"{""disqualify"": ""disqualify"", ""nurture"": ""marketing nurture"", ""sales"": ""hand to sales now""}",disqualify,disqualify,0.3695,True
sales,"{""ideal_customer"": ""companies with 200+ employees, budget over $25k, buying within 6 months, decision-maker title"", ""lead"": {""buying_timeline"": ""just browsing"", ""company_employees"": 18433, ""stated_budget_usd"": 0, ""title"": ""intern""}}",decision_maker,noul,The contact is a decision-maker.,"{""false"": ""no, the statement does not hold"", ""true"": ""yes, the statement holds""}",false,false,0.8462,True
inventory,"{""avg_daily_sales"": 22, ""on_hand_units"": 2, ""rule"": ""Reorder when stock covers fewer days than the lead time."", ""sku"": ""SKU-615"", ""supplier_lead_time_days"": 3}",stockout_risk,score,Stock-out risk?,"[""none"", ""low"", ""medium"", ""high""]",3,2,0.4646,False
inventory,"{""avg_daily_sales"": 22, ""on_hand_units"": 2, ""rule"": ""Reorder when stock covers fewer days than the lead time."", ""sku"": ""SKU-615"", ""supplier_lead_time_days"": 3}",reorder,noul,This SKU should be reordered now.,"{""false"": ""no, the statement does not hold"", ""true"": ""yes, the statement holds""}",true,false,0.8124,False
deploy,"{""approvals"": 2, ""canary_error_rate_pct"": 9.01, ""change_freeze"": false, ""ci_passed"": true, ""friday_evening"": false, ""policy"": ""Deploy only when CI passes, there is no change freeze, at least 2 approvals exist, and canary error rate is under 1%.""}",go,noul,The deploy may proceed under the policy.,"{""false"": ""no, the statement does not hold"", ""true"": ""yes, the statement holds""}",false,true,0.8978,False
deploy,"{""approvals"": 2, ""canary_error_rate_pct"": 9.01, ""change_freeze"": false, ""ci_passed"": true, ""friday_evening"": false, ""policy"": ""Deploy only when CI passes, there is no change freeze, at least 2 approvals exist, and canary error rate is under 1%.""}",blocker,choice,What blocks the deploy?,"{""approvals"": ""not enough approvals"", ""canary"": ""canary errors too high"", ""ci"": ""CI failing"", ""freeze"": ""change freeze"", ""none"": ""nothing, it can go""}",canary,approvals,0.3618,False
code_review,"{""pr"": {""adds_tests"": true, ""ci"": ""failed"", ""diff_contains"": ""no secrets"", ""files_changed"": [""src/auth/session.go""], ""lines_changed"": 3200, ""title"": ""Refactor session handling""}}",risk,score,How risky is this change?,"[""trivial"", ""low"", ""medium"", ""high""]",2,2,0.4461,True
code_review,"{""pr"": {""adds_tests"": true, ""ci"": ""failed"", ""diff_contains"": ""no secrets"", ""files_changed"": [""src/auth/session.go""], ""lines_changed"": 3200, ""title"": ""Refactor session handling""}}",secret,noul,The diff leaks a credential.,"{""false"": ""no, the statement does not hold"", ""true"": ""yes, the statement holds""}",false,false,0.9459,True
code_review,"{""pr"": {""adds_tests"": true, ""ci"": ""failed"", ""diff_contains"": ""no secrets"", ""files_changed"": [""src/auth/session.go""], ""lines_changed"": 3200, ""title"": ""Refactor session handling""}}",verdict,choice,Review verdict?,"{""approve"": ""approve and merge"", ""block"": ""block: must be fixed before merge"", ""careful"": ""needs a careful senior review""}",block,approve,0.3388,False
code_review,"{""pr"": {""adds_tests"": true, ""ci"": ""failed"", ""diff_contains"": ""no secrets"", ""files_changed"": [""src/auth/session.go""], ""lines_changed"": 3200, ""title"": ""Refactor session handling""}}",ci_ok,noul,CI is green for this pull request.,"{""false"": ""no, the statement does not hold"", ""true"": ""yes, the statement holds""}",false,false,0.5887,True
sales,"{""ideal_customer"": ""companies with 200+ employees, budget over $25k, buying within 6 months, decision-maker title"", ""lead"": {""buying_timeline"": ""this quarter"", ""company_employees"": 7072, ""stated_budget_usd"": 323894, ""title"": ""VP Engineering""}}",fit,score,How well does this lead fit the ideal customer?,"[""poor"", ""weak"", ""partial"", ""strong""]",3,3,0.5332,True
sales,"{""ideal_customer"": ""companies with 200+ employees, budget over $25k, buying within 6 months, decision-maker title"", ""lead"": {""buying_timeline"": ""this quarter"", ""company_employees"": 7072, ""stated_budget_usd"": 323894, ""title"": ""VP Engineering""}}",route,choice,Route the lead:,"{""disqualify"": ""disqualify"", ""nurture"": ""marketing nurture"", ""sales"": ""hand to sales now""}",sales,sales,0.5814,True
sales,"{""ideal_customer"": ""companies with 200+ employees, budget over $25k, buying within 6 months, decision-maker title"", ""lead"": {""buying_timeline"": ""this quarter"", ""company_employees"": 7072, ""stated_budget_usd"": 323894, ""title"": ""VP Engineering""}}",decision_maker,noul,The contact is a decision-maker.,"{""false"": ""no, the statement does not hold"", ""true"": ""yes, the statement holds""}",true,true,0.5812,True
refund,"{""customer"": {""refunds_last_90_days"": 0, ""tenure_months"": 3}, ""policy"": ""Refunds allowed within 30 days of delivery. Refunds over $500 need manager approval. Customers with 5+ refunds in 90 days are flagged for fraud review."", ""request"": {""amount_usd"": 80, ""days_since_delivery"": 140, ""photo_attached"": false, ""reason"": ""changed my mind""}}",decision,choice,What should happen to this refund?,"{""approve"": ""approve automatically"", ""deny"": ""deny, outside policy"", ""fraud_review"": ""hold for fraud review"", ""manager"": ""send to a manager for approval""}",deny,manager,0.4952,False
refund,"{""customer"": {""refunds_last_90_days"": 0, ""tenure_months"": 3}, ""policy"": ""Refunds allowed within 30 days of delivery. Refunds over $500 need manager approval. Customers with 5+ refunds in 90 days are flagged for fraud review."", ""request"": {""amount_usd"": 80, ""days_since_delivery"": 140, ""photo_attached"": false, ""reason"": ""changed my mind""}}",within,noul,The request is within the refund window.,"{""false"": ""no, the statement does not hold"", ""true"": ""yes, the statement holds""}",false,false,0.5401,True
refund,"{""customer"": {""refunds_last_90_days"": 0, ""tenure_months"": 3}, ""policy"": ""Refunds allowed within 30 days of delivery. Refunds over $500 need manager approval. Customers with 5+ refunds in 90 days are flagged for fraud review."", ""request"": {""amount_usd"": 80, ""days_since_delivery"": 140, ""photo_attached"": false, ""reason"": ""changed my mind""}}",fraud,noul,The customer must be sent to fraud review.,"{""false"": ""no, the statement does not hold"", ""true"": ""yes, the statement holds""}",false,false,0.7148,True
support,ticket: Dark mode makes the settings text unreadable (black on black).; customer_plan: pro; account_age_days: 519,team,choice,Which team should handle this ticket?,"{""billing"": ""billing and accounts"", ""engineering"": ""engineering (product broken)"", ""support"": ""general support""}",engineering,engineering,0.4969,True
support,ticket: Dark mode makes the settings text unreadable (black on black).; customer_plan: pro; account_age_days: 519,needs_reply,noul,This ticket needs a reply from a human agent.,"{""false"": ""no, the statement does not hold"", ""true"": ""yes, the statement holds""}",true,false,0.7142,False
support,ticket: Dark mode makes the settings text unreadable (black on black).; customer_plan: pro; account_age_days: 519,priority,score,What priority should this ticket get?,"[""low"", ""normal"", ""high"", ""urgent""]",1,1,0.3261,True
scheduling,"attendee_free_slots: [""Mon 10:00"", ""Thu 16:00"", ""Wed 09:00""]; requested_slot: Wed 09:00; meeting: 30 min project sync",available,noul,Everyone is free at the requested slot.,"{""false"": ""no, the statement does not hold"", ""true"": ""yes, the statement holds""}",true,true,0.5878,True
scheduling,"attendee_free_slots: [""Mon 10:00"", ""Thu 16:00"", ""Wed 09:00""]; requested_slot: Wed 09:00; meeting: 30 min project sync",action,choice,Scheduling action?,"{""book"": ""book the requested slot"", ""propose"": ""propose another slot""}",book,book,0.9275,True
deploy,"{""approvals"": 0, ""canary_error_rate_pct"": 0.24, ""change_freeze"": false, ""ci_passed"": true, ""friday_evening"": false, ""policy"": ""Deploy only when CI passes, there is no change freeze, at least 2 approvals exist, and canary error rate is under 1%.""}",blocker,choice,What blocks the deploy?,"{""approvals"": ""not enough approvals"", ""canary"": ""canary errors too high"", ""ci"": ""CI failing"", ""freeze"": ""change freeze"", ""none"": ""nothing, it can go""}",approvals,approvals,0.2685,True
deploy,"{""approvals"": 0, ""canary_error_rate_pct"": 0.24, ""change_freeze"": false, ""ci_passed"": true, ""friday_evening"": false, ""policy"": ""Deploy only when CI passes, there is no change freeze, at least 2 approvals exist, and canary error rate is under 1%.""}",go,noul,The deploy may proceed under the policy.,"{""false"": ""no, the statement does not hold"", ""true"": ""yes, the statement holds""}",false,false,0.683,True
code_review,"{""pr"": {""adds_tests"": false, ""ci"": ""failed"", ""diff_contains"": ""no secrets"", ""files_changed"": [""src/auth/session.go""], ""lines_changed"": 1252, ""title"": ""Add dark mode button""}}",secret,noul,The diff leaks a credential.,"{""false"": ""no, the statement does not hold"", ""true"": ""yes, the statement holds""}",false,false,0.9492,True
code_review,"{""pr"": {""adds_tests"": false, ""ci"": ""failed"", ""diff_contains"": ""no secrets"", ""files_changed"": [""src/auth/session.go""], ""lines_changed"": 1252, ""title"": ""Add dark mode button""}}",verdict,choice,Review verdict?,"{""approve"": ""approve and merge"", ""block"": ""block: must be fixed before merge"", ""careful"": ""needs a careful senior review""}",block,block,0.3922,True
code_review,"{""pr"": {""adds_tests"": false, ""ci"": ""failed"", ""diff_contains"": ""no secrets"", ""files_changed"": [""src/auth/session.go""], ""lines_changed"": 1252, ""title"": ""Add dark mode button""}}",ci_ok,noul,CI is green for this pull request.,"{""false"": ""no, the statement does not hold"", ""true"": ""yes, the statement holds""}",false,false,0.8371,True
code_review,"{""pr"": {""adds_tests"": false, ""ci"": ""failed"", ""diff_contains"": ""no secrets"", ""files_changed"": [""src/auth/session.go""], ""lines_changed"": 1252, ""title"": ""Add dark mode button""}}",risk,score,How risky is this change?,"[""trivial"", ""low"", ""medium"", ""high""]",2,2,0.435,True
agent_trace,"{""task"": ""Summarise last week's tickets"", ""trace_summary"": {""completed"": false, ""constraint_violations"": 0, ""irreversible_actions"": 0, ""note"": ""repeating the same search call in a loop"", ""steps"": 200, ""tool_errors"": 0}}",needs_review,noul,A human should review this agent run.,"{""false"": ""no, the statement does not hold"", ""true"": ""yes, the statement holds""}",true,false,0.6992,False
agent_trace,"{""task"": ""Summarise last week's tickets"", ""trace_summary"": {""completed"": false, ""constraint_violations"": 0, ""irreversible_actions"": 0, ""note"": ""repeating the same search call in a loop"", ""steps"": 200, ""tool_errors"": 0}}",outcome,choice,Outcome of the run?,"{""failure"": ""task not done"", ""harmful"": ""caused damage or broke a constraint"", ""success"": ""task done, no issues""}",failure,success,0.8088,False
agent_trace,"{""task"": ""Summarise last week's tickets"", ""trace_summary"": {""completed"": false, ""constraint_violations"": 0, ""irreversible_actions"": 0, ""note"": ""repeating the same search call in a loop"", ""steps"": 200, ""tool_errors"": 0}}",action,choice,What should oversight do?,"{""continue"": ""let it proceed"", ""human_review"": ""queue for human review"", ""stop"": ""halt the agent now""}",stop,continue,0.6558,False
refund,"policy: Refunds allowed within 30 days of delivery. Refunds over $500 need manager approval. Customers with 5+ refunds in 90 days are flagged for fraud review.; request: {""amount_usd"": 381, ""days_since_delivery"": 10, ""reason"": ""changed my mind"", ""photo_attached"": false}; customer: {""refunds_last_90_days"": 0, ""tenure_months"": 31}",fraud,noul,The customer must be sent to fraud review.,"{""false"": ""no, the statement does not hold"", ""true"": ""yes, the statement holds""}",false,false,0.7543,True
refund,"policy: Refunds allowed within 30 days of delivery. Refunds over $500 need manager approval. Customers with 5+ refunds in 90 days are flagged for fraud review.; request: {""amount_usd"": 381, ""days_since_delivery"": 10, ""reason"": ""changed my mind"", ""photo_attached"": false}; customer: {""refunds_last_90_days"": 0, ""tenure_months"": 31}",within,noul,The request is within the refund window.,"{""false"": ""no, the statement does not hold"", ""true"": ""yes, the statement holds""}",true,false,0.5934,False
refund,"policy: Refunds allowed within 30 days of delivery. Refunds over $500 need manager approval. Customers with 5+ refunds in 90 days are flagged for fraud review.; request: {""amount_usd"": 381, ""days_since_delivery"": 10, ""reason"": ""changed my mind"", ""photo_attached"": false}; customer: {""refunds_last_90_days"": 0, ""tenure_months"": 31}",decision,choice,What should happen to this refund?,"{""approve"": ""approve automatically"", ""deny"": ""deny, outside policy"", ""fraud_review"": ""hold for fraud review"", ""manager"": ""send to a manager for approval""}",approve,manager,0.3238,False
fraud,"{""customer_avg_txn_usd"": 45, ""txn"": {""amount_usd"": 6701, ""card_country_matches_ip"": true, ""new_device"": false, ""txns_last_hour"": 1}}",risk,score,Fraud risk?,"[""low"", ""some"", ""elevated"", ""very high""]",1,1,0.4543,True
fraud,"{""customer_avg_txn_usd"": 45, ""txn"": {""amount_usd"": 6701, ""card_country_matches_ip"": true, ""new_device"": false, ""txns_last_hour"": 1}}",suspicious,noul,This transaction looks suspicious.,"{""false"": ""no, the statement does not hold"", ""true"": ""yes, the statement holds""}",true,false,0.9376,False
fraud,"{""customer_avg_txn_usd"": 45, ""txn"": {""amount_usd"": 6701, ""card_country_matches_ip"": true, ""new_device"": false, ""txns_last_hour"": 1}}",action,choice,Payment decision?,"{""approve"": ""approve"", ""block"": ""block"", ""challenge"": ""step-up verification""}",challenge,approve,0.5222,False
moderation,"{""community"": ""product community"", ""post"": ""Does anyone have tips for growing tomatoes on a balcony?""}",harm,score,Potential harm?,"[""none"", ""low"", ""moderate"", ""severe""]",0,2,0.4668,False
moderation,"{""community"": ""product community"", ""post"": ""Does anyone have tips for growing tomatoes on a balcony?""}",violates,noul,The post violates community rules.,"{""false"": ""no, the statement does not hold"", ""true"": ""yes, the statement holds""}",false,false,0.9398,True
moderation,"{""community"": ""product community"", ""post"": ""Does anyone have tips for growing tomatoes on a balcony?""}",action,choice,Moderation action?,"{""allow"": ""allow"", ""remove"": ""remove the post"", ""remove_and_escalate"": ""remove and escalate to trust & safety""}",allow,allow,0.8311,True
bug,"{""bug_report"": ""The logo is 2px off-centre on the About page."", ""reports_count"": 1}",area,choice,Kind of bug?,"{""data"": ""data integrity"", ""performance"": ""performance"", ""stability"": ""crash/stability"", ""ui"": ""visual/text""}",ui,ui,0.777,True
bug,"{""bug_report"": ""The logo is 2px off-centre on the About page."", ""reports_count"": 1}",severity,score,Bug severity?,"[""trivial"", ""minor"", ""major"", ""critical""]",0,1,0.6058,False
bug,"{""bug_report"": ""The logo is 2px off-centre on the About page."", ""reports_count"": 1}",hotfix,noul,This needs a hotfix outside the normal release cycle.,"{""false"": ""no, the statement does not hold"", ""true"": ""yes, the statement holds""}",false,false,0.7809,True
scheduling,"{""attendee_free_slots"": [""Wed 09:00"", ""Mon 10:00"", ""Tue 14:00""], ""meeting"": ""30 min project sync"", ""requested_slot"": ""Fri 11:00""}",action,choice,Scheduling action?,"{""book"": ""book the requested slot"", ""propose"": ""propose another slot""}",propose,book,0.6452,False
scheduling,"{""attendee_free_slots"": [""Wed 09:00"", ""Mon 10:00"", ""Tue 14:00""], ""meeting"": ""30 min project sync"", ""requested_slot"": ""Fri 11:00""}",available,noul,Everyone is free at the requested slot.,"{""false"": ""no, the statement does not hold"", ""true"": ""yes, the statement holds""}",false,false,0.6144,True
security,"{""alert"": {""clicked_link"": false, ""event"": ""user_reported_email"", ""other_recipients"": 1}, ""user"": ""s.lee""}",true_positive,noul,"This alert is a real security threat, not expected activity.","{""false"": ""no, the statement does not hold"", ""true"": ""yes, the statement holds""}",true,false,0.8804,False
security,"{""alert"": {""clicked_link"": false, ""event"": ""user_reported_email"", ""other_recipients"": 1}, ""user"": ""s.lee""}",compromised,noul,The account or host is likely compromised.,"{""false"": ""no, the statement does not hold"", ""true"": ""yes, the statement holds""}",false,false,0.8967,True
security,"{""alert"": {""clicked_link"": false, ""event"": ""user_reported_email"", ""other_recipients"": 1}, ""user"": ""s.lee""}",action,choice,Best immediate action?,"{""block"": ""block the source IP"", ""close"": ""close as benign"", ""isolate"": ""isolate the host from the network"", ""monitor"": ""watch and follow up"", ""reset"": ""force password reset and revoke sessions""}",monitor,monitor,0.4306,True
security,"{""alert"": {""clicked_link"": false, ""event"": ""user_reported_email"", ""other_recipients"": 1}, ""user"": ""s.lee""}",severity,score,Alert severity?,"[""informational"", ""low"", ""high"", ""critical""]",1,0,0.4232,False
incident,"{""customer_facing"": true, ""error_rate_pct"": 90.0, ""last_deploy"": ""v8.11.7 deployed 14 minutes ago"", ""on_call"": ""ravi"", ""p95_latency_ms"": 8052, ""service"": ""orders API"", ""started_minutes_ago"": 9}",urgent,noul,This is an urgent production incident that needs someone paged now.,"{""false"": ""no, the statement does not hold"", ""true"": ""yes, the statement holds""}",true,false,0.7174,False
incident,"{""customer_facing"": true, ""error_rate_pct"": 90.0, ""last_deploy"": ""v8.11.7 deployed 14 minutes ago"", ""on_call"": ""ravi"", ""p95_latency_ms"": 8052, ""service"": ""orders API"", ""started_minutes_ago"": 9}",severity,score,How severe is the impact?,"[""no impact"", ""minor: few users, workaround exists"", ""degraded: many users affected"", ""major outage: core flow down for most users""]",3,1,0.403,False
incident,"{""customer_facing"": true, ""error_rate_pct"": 90.0, ""last_deploy"": ""v8.11.7 deployed 14 minutes ago"", ""on_call"": ""ravi"", ""p95_latency_ms"": 8052, ""service"": ""orders API"", ""started_minutes_ago"": 9}",action,choice,What should on-call do?,"{""ignore"": ""no action, metrics are healthy"", ""page"": ""page the on-call engineer immediately"", ""ticket"": ""open a normal-priority ticket for business hours""}",page,ignore,0.411,False
incident,"{""customer_facing"": true, ""error_rate_pct"": 90.0, ""last_deploy"": ""v8.11.7 deployed 14 minutes ago"", ""on_call"": ""ravi"", ""p95_latency_ms"": 8052, ""service"": ""orders API"", ""started_minutes_ago"": 9}",rollback,noul,The most recent deploy is a likely cause and should be rolled back.,"{""false"": ""no, the statement does not hold"", ""true"": ""yes, the statement holds""}",true,false,0.5875,False
moderation,"{""community"": ""gardening forum"", ""post"": ""I think the new update is slower than before, the search takes 5 seconds now.""}",action,choice,Moderation action?,"{""allow"": ""allow"", ""remove"": ""remove the post"", ""remove_and_escalate"": ""remove and escalate to trust & safety""}",allow,allow,0.8665,True
moderation,"{""community"": ""gardening forum"", ""post"": ""I think the new update is slower than before, the search takes 5 seconds now.""}",violates,noul,The post violates community rules.,"{""false"": ""no, the statement does not hold"", ""true"": ""yes, the statement holds""}",false,false,0.9511,True
moderation,"{""community"": ""gardening forum"", ""post"": ""I think the new update is slower than before, the search takes 5 seconds now.""}",harm,score,Potential harm?,"[""none"", ""low"", ""moderate"", ""severe""]",0,1,0.4599,False
scheduling,"attendee_free_slots: [""Mon 10:00"", ""Wed 09:00"", ""Tue 14:00""]; requested_slot: Fri 11:00; meeting: 30 min project sync",available,noul,Everyone is free at the requested slot.,"{""false"": ""no, the statement does not hold"", ""true"": ""yes, the statement holds""}",false,true,0.5624,False
scheduling,"attendee_free_slots: [""Mon 10:00"", ""Wed 09:00"", ""Tue 14:00""]; requested_slot: Fri 11:00; meeting: 30 min project sync",action,choice,Scheduling action?,"{""book"": ""book the requested slot"", ""propose"": ""propose another slot""}",propose,book,0.7595,False
expense,"{""expense"": {""amount_usd"": 300, ""category"": ""flight"", ""nights"": null, ""receipt_attached"": false}, ""policy"": ""Receipts required. Meals up to $75. Flights economy only, up to $1,000. Hotels up to $300/night. Alcohol is never reimbursed. Software over $500 needs IT approval.""}",outcome,choice,Outcome?,"{""it_approval"": ""send for IT approval"", ""missing_receipt"": ""return: receipt missing"", ""reimburse"": ""reimburse"", ""reject"": ""reject as out of policy""}",missing_receipt,it_approval,0.4457,False
expense,"{""expense"": {""amount_usd"": 300, ""category"": ""flight"", ""nights"": null, ""receipt_attached"": false}, ""policy"": ""Receipts required. Meals up to $75. Flights economy only, up to $1,000. Hotels up to $300/night. Alcohol is never reimbursed. Software over $500 needs IT approval.""}",within,noul,The expense is within policy limits.,"{""false"": ""no, the statement does not hold"", ""true"": ""yes, the statement holds""}",true,false,0.6251,False
code_review,"{""pr"": {""adds_tests"": true, ""ci"": ""failed"", ""diff_contains"": ""AWS_SECRET_ACCESS_KEY=AKIA..."", ""files_changed"": [""docs/README.md""], ""lines_changed"": 2004, ""title"": ""Drop legacy users table""}}",verdict,choice,Review verdict?,"{""approve"": ""approve and merge"", ""block"": ""block: must be fixed before merge"", ""careful"": ""needs a careful senior review""}",block,block,0.5805,True
code_review,"{""pr"": {""adds_tests"": true, ""ci"": ""failed"", ""diff_contains"": ""AWS_SECRET_ACCESS_KEY=AKIA..."", ""files_changed"": [""docs/README.md""], ""lines_changed"": 2004, ""title"": ""Drop legacy users table""}}",risk,score,How risky is this change?,"[""trivial"", ""low"", ""medium"", ""high""]",3,2,0.4051,False
code_review,"{""pr"": {""adds_tests"": true, ""ci"": ""failed"", ""diff_contains"": ""AWS_SECRET_ACCESS_KEY=AKIA..."", ""files_changed"": [""docs/README.md""], ""lines_changed"": 2004, ""title"": ""Drop legacy users table""}}",ci_ok,noul,CI is green for this pull request.,"{""false"": ""no, the statement does not hold"", ""true"": ""yes, the statement holds""}",false,false,0.9375,True
code_review,"{""pr"": {""adds_tests"": true, ""ci"": ""failed"", ""diff_contains"": ""AWS_SECRET_ACCESS_KEY=AKIA..."", ""files_changed"": [""docs/README.md""], ""lines_changed"": 2004, ""title"": ""Drop legacy users table""}}",secret,noul,The diff leaks a credential.,"{""false"": ""no, the statement does not hold"", ""true"": ""yes, the statement holds""}",true,false,0.6845,False
code_review,"{""pr"": {""adds_tests"": true, ""ci"": ""passed"", ""diff_contains"": ""AWS_SECRET_ACCESS_KEY=AKIA..."", ""files_changed"": [""docs/README.md""], ""lines_changed"": 1184, ""title"": ""Add dark mode button""}}",ci_ok,noul,CI is green for this pull request.,"{""false"": ""no, the statement does not hold"", ""true"": ""yes, the statement holds""}",true,true,0.5726,True
code_review,"{""pr"": {""adds_tests"": true, ""ci"": ""passed"", ""diff_contains"": ""AWS_SECRET_ACCESS_KEY=AKIA..."", ""files_changed"": [""docs/README.md""], ""lines_changed"": 1184, ""title"": ""Add dark mode button""}}",verdict,choice,Review verdict?,"{""approve"": ""approve and merge"", ""block"": ""block: must be fixed before merge"", ""careful"": ""needs a careful senior review""}",block,approve,0.6569,False
code_review,"{""pr"": {""adds_tests"": true, ""ci"": ""passed"", ""diff_contains"": ""AWS_SECRET_ACCESS_KEY=AKIA..."", ""files_changed"": [""docs/README.md""], ""lines_changed"": 1184, ""title"": ""Add dark mode button""}}",risk,score,How risky is this change?,"[""trivial"", ""low"", ""medium"", ""high""]",3,2,0.486,False
code_review,"{""pr"": {""adds_tests"": true, ""ci"": ""passed"", ""diff_contains"": ""AWS_SECRET_ACCESS_KEY=AKIA..."", ""files_changed"": [""docs/README.md""], ""lines_changed"": 1184, ""title"": ""Add dark mode button""}}",secret,noul,The diff leaks a credential.,"{""false"": ""no, the statement does not hold"", ""true"": ""yes, the statement holds""}",true,false,0.8373,False
invoice,"{""invoice"": {""amount_usd"": 3742, ""bank_details_changed_since_last_payment"": false, ""number"": ""INV-3033"", ""po_amount_usd"": 3742, ""same_number_already_paid"": false, ""vendor"": ""Acme Supplies"", ""vendor_on_file"": true}, ""policy"": ""Invoices must match a PO within 2%. Over $10,000 needs CFO sign-off. New vendors or changed bank details need verification by phone. Duplicate invoice numbers must be rejected.""}",verify,noul,Payment details must be verified by phone before paying.,"{""false"": ""no, the statement does not hold"", ""true"": ""yes, the statement holds""}",false,true,0.5151,False
invoice,"{""invoice"": {""amount_usd"": 3742, ""bank_details_changed_since_last_payment"": false, ""number"": ""INV-3033"", ""po_amount_usd"": 3742, ""same_number_already_paid"": false, ""vendor"": ""Acme Supplies"", ""vendor_on_file"": true}, ""policy"": ""Invoices must match a PO within 2%. Over $10,000 needs CFO sign-off. New vendors or changed bank details need verification by phone. Duplicate invoice numbers must be rejected.""}",po_match,noul,The invoice matches its purchase order within policy.,"{""false"": ""no, the statement does not hold"", ""true"": ""yes, the statement holds""}",true,false,0.5445,False
invoice,"{""invoice"": {""amount_usd"": 3742, ""bank_details_changed_since_last_payment"": false, ""number"": ""INV-3033"", ""po_amount_usd"": 3742, ""same_number_already_paid"": false, ""vendor"": ""Acme Supplies"", ""vendor_on_file"": true}, ""policy"": ""Invoices must match a PO within 2%. Over $10,000 needs CFO sign-off. New vendors or changed bank details need verification by phone. Duplicate invoice numbers must be rejected.""}",route,choice,Where should this invoice go?,"{""cfo"": ""send to the CFO for sign-off"", ""hold"": ""hold, PO mismatch or missing"", ""pay"": ""schedule payment"", ""reject"": ""reject as a duplicate"", ""verify"": ""verify vendor or bank details first""}",pay,cfo,0.4299,False
invoice,"{""invoice"": {""amount_usd"": 3742, ""bank_details_changed_since_last_payment"": false, ""number"": ""INV-3033"", ""po_amount_usd"": 3742, ""same_number_already_paid"": false, ""vendor"": ""Acme Supplies"", ""vendor_on_file"": true}, ""policy"": ""Invoices must match a PO within 2%. Over $10,000 needs CFO sign-off. New vendors or changed bank details need verification by phone. Duplicate invoice numbers must be rejected.""}",risk,score,How risky is paying this invoice as-is?,"[""no risk"", ""low"", ""medium"", ""high""]",0,2,0.4534,False
deploy,"{""approvals"": 2, ""canary_error_rate_pct"": 13.35, ""change_freeze"": false, ""ci_passed"": true, ""friday_evening"": false, ""policy"": ""Deploy only when CI passes, there is no change freeze, at least 2 approvals exist, and canary error rate is under 1%.""}",blocker,choice,What blocks the deploy?,"{""approvals"": ""not enough approvals"", ""canary"": ""canary errors too high"", ""ci"": ""CI failing"", ""freeze"": ""change freeze"", ""none"": ""nothing, it can go""}",canary,approvals,0.363,False
deploy,"{""approvals"": 2, ""canary_error_rate_pct"": 13.35, ""change_freeze"": false, ""ci_passed"": true, ""friday_evening"": false, ""policy"": ""Deploy only when CI passes, there is no change freeze, at least 2 approvals exist, and canary error rate is under 1%.""}",go,noul,The deploy may proceed under the policy.,"{""false"": ""no, the statement does not hold"", ""true"": ""yes, the statement holds""}",false,true,0.8673,False
deploy,"{""approvals"": 3, ""canary_error_rate_pct"": 16.01, ""change_freeze"": true, ""ci_passed"": true, ""friday_evening"": false, ""policy"": ""Deploy only when CI passes, there is no change freeze, at least 2 approvals exist, and canary error rate is under 1%.""}",blocker,choice,What blocks the deploy?,"{""approvals"": ""not enough approvals"", ""canary"": ""canary errors too high"", ""ci"": ""CI failing"", ""freeze"": ""change freeze"", ""none"": ""nothing, it can go""}",freeze,approvals,0.3465,False
deploy,"{""approvals"": 3, ""canary_error_rate_pct"": 16.01, ""change_freeze"": true, ""ci_passed"": true, ""friday_evening"": false, ""policy"": ""Deploy only when CI passes, there is no change freeze, at least 2 approvals exist, and canary error rate is under 1%.""}",go,noul,The deploy may proceed under the policy.,"{""false"": ""no, the statement does not hold"", ""true"": ""yes, the statement holds""}",false,true,0.7917,False
support,"{""account_age_days"": 1287, ""customer_plan"": ""pro"", ""ticket"": ""I want to close my account and stop billing.""}",team,choice,Which team should handle this ticket?,"{""billing"": ""billing and accounts"", ""engineering"": ""engineering (product broken)"", ""support"": ""general support""}",billing,billing,0.9583,True
support,"{""account_age_days"": 1287, ""customer_plan"": ""pro"", ""ticket"": ""I want to close my account and stop billing.""}",priority,score,What priority should this ticket get?,"[""low"", ""normal"", ""high"", ""urgent""]",2,3,0.4597,False
support,"{""account_age_days"": 1287, ""customer_plan"": ""pro"", ""ticket"": ""I want to close my account and stop billing.""}",needs_reply,noul,This ticket needs a reply from a human agent.,"{""false"": ""no, the statement does not hold"", ""true"": ""yes, the statement holds""}",true,false,0.9221,False
deploy,"{""approvals"": 0, ""canary_error_rate_pct"": 10.68, ""change_freeze"": true, ""ci_passed"": false, ""friday_evening"": false, ""policy"": ""Deploy only when CI passes, there is no change freeze, at least 2 approvals exist, and canary error rate is under 1%.""}",blocker,choice,What blocks the deploy?,"{""approvals"": ""not enough approvals"", ""canary"": ""canary errors too high"", ""ci"": ""CI failing"", ""freeze"": ""change freeze"", ""none"": ""nothing, it can go""}",ci,ci,0.3011,True
deploy,"{""approvals"": 0, ""canary_error_rate_pct"": 10.68, ""change_freeze"": true, ""ci_passed"": false, ""friday_evening"": false, ""policy"": ""Deploy only when CI passes, there is no change freeze, at least 2 approvals exist, and canary error rate is under 1%.""}",go,noul,The deploy may proceed under the policy.,"{""false"": ""no, the statement does not hold"", ""true"": ""yes, the statement holds""}",false,false,0.9573,True
incident,service: login; error_rate_pct: 0.1; p95_latency_ms: 171; customer_facing: false; started_minutes_ago: 10; last_deploy: v6.4.3 deployed 905 minutes ago; on_call: alice,urgent,noul,This is an urgent production incident that needs someone paged now.,"{""false"": ""no, the statement does not hold"", ""true"": ""yes, the statement holds""}",false,false,0.9059,True
incident,service: login; error_rate_pct: 0.1; p95_latency_ms: 171; customer_facing: false; started_minutes_ago: 10; last_deploy: v6.4.3 deployed 905 minutes ago; on_call: alice,severity,score,How severe is the impact?,"[""no impact"", ""minor: few users, workaround exists"", ""degraded: many users affected"", ""major outage: core flow down for most users""]",0,1,0.404,False
incident,service: login; error_rate_pct: 0.1; p95_latency_ms: 171; customer_facing: false; started_minutes_ago: 10; last_deploy: v6.4.3 deployed 905 minutes ago; on_call: alice,action,choice,What should on-call do?,"{""ignore"": ""no action, metrics are healthy"", ""page"": ""page the on-call engineer immediately"", ""ticket"": ""open a normal-priority ticket for business hours""}",ignore,ignore,0.5405,True
incident,service: login; error_rate_pct: 0.1; p95_latency_ms: 171; customer_facing: false; started_minutes_ago: 10; last_deploy: v6.4.3 deployed 905 minutes ago; on_call: alice,rollback,noul,The most recent deploy is a likely cause and should be rolled back.,"{""false"": ""no, the statement does not hold"", ""true"": ""yes, the statement holds""}",false,false,0.662,True
invoice,"{""invoice"": {""amount_usd"": 39396, ""bank_details_changed_since_last_payment"": false, ""number"": ""INV-4284"", ""po_amount_usd"": 19698, ""same_number_already_paid"": true, ""vendor"": ""Initech"", ""vendor_on_file"": true}, ""policy"": ""Invoices must match a PO within 2%. Over $10,000 needs CFO sign-off. New vendors or changed bank details need verification by phone. Duplicate invoice numbers must be rejected.""}",po_match,noul,The invoice matches its purchase order within policy.,"{""false"": ""no, the statement does not hold"", ""true"": ""yes, the statement holds""}",false,false,0.5759,True
invoice,"{""invoice"": {""amount_usd"": 39396, ""bank_details_changed_since_last_payment"": false, ""number"": ""INV-4284"", ""po_amount_usd"": 19698, ""same_number_already_paid"": true, ""vendor"": ""Initech"", ""vendor_on_file"": true}, ""policy"": ""Invoices must match a PO within 2%. Over $10,000 needs CFO sign-off. New vendors or changed bank details need verification by phone. Duplicate invoice numbers must be rejected.""}",route,choice,Where should this invoice go?,"{""cfo"": ""send to the CFO for sign-off"", ""hold"": ""hold, PO mismatch or missing"", ""pay"": ""schedule payment"", ""reject"": ""reject as a duplicate"", ""verify"": ""verify vendor or bank details first""}",reject,cfo,0.3879,False
invoice,"{""invoice"": {""amount_usd"": 39396, ""bank_details_changed_since_last_payment"": false, ""number"": ""INV-4284"", ""po_amount_usd"": 19698, ""same_number_already_paid"": true, ""vendor"": ""Initech"", ""vendor_on_file"": true}, ""policy"": ""Invoices must match a PO within 2%. Over $10,000 needs CFO sign-off. New vendors or changed bank details need verification by phone. Duplicate invoice numbers must be rejected.""}",risk,score,How risky is paying this invoice as-is?,"[""no risk"", ""low"", ""medium"", ""high""]",3,2,0.423,False
invoice,"{""invoice"": {""amount_usd"": 39396, ""bank_details_changed_since_last_payment"": false, ""number"": ""INV-4284"", ""po_amount_usd"": 19698, ""same_number_already_paid"": true, ""vendor"": ""Initech"", ""vendor_on_file"": true}, ""policy"": ""Invoices must match a PO within 2%. Over $10,000 needs CFO sign-off. New vendors or changed bank details need verification by phone. Duplicate invoice numbers must be rejected.""}",verify,noul,Payment details must be verified by phone before paying.,"{""false"": ""no, the statement does not hold"", ""true"": ""yes, the statement holds""}",false,true,0.5774,False
security,"{""alert"": {""event"": ""port_scan"", ""scheduled"": true, ""source"": ""vuln-scanner-01 (approved weekly scan)""}, ""user"": ""m.garcia""}",severity,score,Alert severity?,"[""informational"", ""low"", ""high"", ""critical""]",0,1,0.3952,False
security,"{""alert"": {""event"": ""port_scan"", ""scheduled"": true, ""source"": ""vuln-scanner-01 (approved weekly scan)""}, ""user"": ""m.garcia""}",action,choice,Best immediate action?,"{""block"": ""block the source IP"", ""close"": ""close as benign"", ""isolate"": ""isolate the host from the network"", ""monitor"": ""watch and follow up"", ""reset"": ""force password reset and revoke sessions""}",close,monitor,0.492,False
security,"{""alert"": {""event"": ""port_scan"", ""scheduled"": true, ""source"": ""vuln-scanner-01 (approved weekly scan)""}, ""user"": ""m.garcia""}",compromised,noul,The account or host is likely compromised.,"{""false"": ""no, the statement does not hold"", ""true"": ""yes, the statement holds""}",false,false,0.8349,True
security,"{""alert"": {""event"": ""port_scan"", ""scheduled"": true, ""source"": ""vuln-scanner-01 (approved weekly scan)""}, ""user"": ""m.garcia""}",true_positive,noul,"This alert is a real security threat, not expected activity.","{""false"": ""no, the statement does not hold"", ""true"": ""yes, the statement holds""}",false,false,0.6983,True
scheduling,"{""attendee_free_slots"": [""Tue 14:00"", ""Wed 09:00"", ""Mon 10:00""], ""meeting"": ""30 min project sync"", ""requested_slot"": ""Fri 11:00""}",action,choice,Scheduling action?,"{""book"": ""book the requested slot"", ""propose"": ""propose another slot""}",propose,book,0.6886,False
scheduling,"{""attendee_free_slots"": [""Tue 14:00"", ""Wed 09:00"", ""Mon 10:00""], ""meeting"": ""30 min project sync"", ""requested_slot"": ""Fri 11:00""}",available,noul,Everyone is free at the requested slot.,"{""false"": ""no, the statement does not hold"", ""true"": ""yes, the statement holds""}",false,false,0.6103,True
inventory,"{""avg_daily_sales"": 22, ""on_hand_units"": 4, ""rule"": ""Reorder when stock covers fewer days than the lead time."", ""sku"": ""SKU-442"", ""supplier_lead_time_days"": 14}",reorder,noul,This SKU should be reordered now.,"{""false"": ""no, the statement does not hold"", ""true"": ""yes, the statement holds""}",true,false,0.7535,False
inventory,"{""avg_daily_sales"": 22, ""on_hand_units"": 4, ""rule"": ""Reorder when stock covers fewer days than the lead time."", ""sku"": ""SKU-442"", ""supplier_lead_time_days"": 14}",stockout_risk,score,Stock-out risk?,"[""none"", ""low"", ""medium"", ""high""]",3,2,0.4478,False
privacy,"{""dataset_sample"": ""name: Jane Roe, SSN 123-45-6789, card 4111 1111 1111 1111"", ""destination"": ""third-party analytics vendor without DPA"", ""rule"": ""PII may only go to internal encrypted storage.""}",pii,noul,The dataset contains personal data.,"{""false"": ""no, the statement does not hold"", ""true"": ""yes, the statement holds""}",true,false,0.5025,False
privacy,"{""dataset_sample"": ""name: Jane Roe, SSN 123-45-6789, card 4111 1111 1111 1111"", ""destination"": ""third-party analytics vendor without DPA"", ""rule"": ""PII may only go to internal encrypted storage.""}",risk,score,Privacy risk of the transfer?,"[""none"", ""low"", ""medium"", ""high""]",3,1,0.3347,False
privacy,"{""dataset_sample"": ""name: Jane Roe, SSN 123-45-6789, card 4111 1111 1111 1111"", ""destination"": ""third-party analytics vendor without DPA"", ""rule"": ""PII may only go to internal encrypted storage.""}",allowed,noul,This transfer is allowed.,"{""false"": ""no, the statement does not hold"", ""true"": ""yes, the statement holds""}",false,false,0.9243,True
hr,"{""policy"": ""Leave needs enough balance. Requests over 10 days need 14 days notice. No leave during the year-end blackout."", ""request"": {""balance_days"": 20, ""days"": 1, ""during_blackout"": false, ""notice_days"": 1, ""reason"": ""rest""}}",balance,noul,The employee has enough leave balance.,"{""false"": ""no, the statement does not hold"", ""true"": ""yes, the statement holds""}",true,false,0.8199,False
hr,"{""policy"": ""Leave needs enough balance. Requests over 10 days need 14 days notice. No leave during the year-end blackout."", ""request"": {""balance_days"": 20, ""days"": 1, ""during_blackout"": false, ""notice_days"": 1, ""reason"": ""rest""}}",approve,noul,The request can be approved under policy.,"{""false"": ""no, the statement does not hold"", ""true"": ""yes, the statement holds""}",true,false,0.8922,False
hr,"{""policy"": ""Leave needs enough balance. Requests over 10 days need 14 days notice. No leave during the year-end blackout."", ""request"": {""balance_days"": 20, ""days"": 1, ""during_blackout"": false, ""notice_days"": 1, ""reason"": ""rest""}}",reason,choice,Main outcome?,"{""approve"": ""approve"", ""balance"": ""reject: not enough balance"", ""blackout"": ""reject: blackout period"", ""notice"": ""reject: too little notice""}",approve,balance,0.3379,False
deploy,"{""approvals"": 2, ""canary_error_rate_pct"": 16.15, ""change_freeze"": false, ""ci_passed"": true, ""friday_evening"": false, ""policy"": ""Deploy only when CI passes, there is no change freeze, at least 2 approvals exist, and canary error rate is under 1%.""}",blocker,choice,What blocks the deploy?,"{""approvals"": ""not enough approvals"", ""canary"": ""canary errors too high"", ""ci"": ""CI failing"", ""freeze"": ""change freeze"", ""none"": ""nothing, it can go""}",canary,approvals,0.3588,False
deploy,"{""approvals"": 2, ""canary_error_rate_pct"": 16.15, ""change_freeze"": false, ""ci_passed"": true, ""friday_evening"": false, ""policy"": ""Deploy only when CI passes, there is no change freeze, at least 2 approvals exist, and canary error rate is under 1%.""}",go,noul,The deploy may proceed under the policy.,"{""false"": ""no, the statement does not hold"", ""true"": ""yes, the statement holds""}",false,true,0.8751,False
support,"{""account_age_days"": 34, ""customer_plan"": ""enterprise"", ""ticket"": ""Love the latest update, the speed is amazing.""}",angry,noul,The customer is upset or frustrated.,"{""false"": ""no, the statement does not hold"", ""true"": ""yes, the statement holds""}",false,false,0.982,True
support,"{""account_age_days"": 34, ""customer_plan"": ""enterprise"", ""ticket"": ""Love the latest update, the speed is amazing.""}",priority,score,What priority should this ticket get?,"[""low"", ""normal"", ""high"", ""urgent""]",0,1,0.4066,False
support,"{""account_age_days"": 34, ""customer_plan"": ""enterprise"", ""ticket"": ""Love the latest update, the speed is amazing.""}",needs_reply,noul,This ticket needs a reply from a human agent.,"{""false"": ""no, the statement does not hold"", ""true"": ""yes, the statement holds""}",false,false,0.9269,True
support,"{""account_age_days"": 34, ""customer_plan"": ""enterprise"", ""ticket"": ""Love the latest update, the speed is amazing.""}",team,choice,Which team should handle this ticket?,"{""billing"": ""billing and accounts"", ""engineering"": ""engineering (product broken)"", ""support"": ""general support""}",support,support,0.5513,True
support,"{""account_age_days"": 1245, ""customer_plan"": ""enterprise"", ""ticket"": ""I want to close my account and stop billing.""}",needs_reply,noul,This ticket needs a reply from a human agent.,"{""false"": ""no, the statement does not hold"", ""true"": ""yes, the statement holds""}",true,false,0.9306,False
support,"{""account_age_days"": 1245, ""customer_plan"": ""enterprise"", ""ticket"": ""I want to close my account and stop billing.""}",team,choice,Which team should handle this ticket?,"{""billing"": ""billing and accounts"", ""engineering"": ""engineering (product broken)"", ""support"": ""general support""}",billing,billing,0.9571,True
support,"{""account_age_days"": 1245, ""customer_plan"": ""enterprise"", ""ticket"": ""I want to close my account and stop billing.""}",priority,score,What priority should this ticket get?,"[""low"", ""normal"", ""high"", ""urgent""]",2,3,0.5213,False
deploy,"policy: Deploy only when CI passes, there is no change freeze, at least 2 approvals exist, and canary error rate is under 1%.; ci_passed: true; change_freeze: true; approvals: 3; canary_error_rate_pct: 15.76; friday_evening: false",go,noul,The deploy may proceed under the policy.,"{""false"": ""no, the statement does not hold"", ""true"": ""yes, the statement holds""}",false,false,0.7871,True
deploy,"policy: Deploy only when CI passes, there is no change freeze, at least 2 approvals exist, and canary error rate is under 1%.; ci_passed: true; change_freeze: true; approvals: 3; canary_error_rate_pct: 15.76; friday_evening: false",blocker,choice,What blocks the deploy?,"{""approvals"": ""not enough approvals"", ""canary"": ""canary errors too high"", ""ci"": ""CI failing"", ""freeze"": ""change freeze"", ""none"": ""nothing, it can go""}",freeze,canary,0.3687,False
hr,"{""policy"": ""Leave needs enough balance. Requests over 10 days need 14 days notice. No leave during the year-end blackout."", ""request"": {""balance_days"": 20, ""days"": 2, ""during_blackout"": false, ""notice_days"": 30, ""reason"": ""family event""}}",reason,choice,Main outcome?,"{""approve"": ""approve"", ""balance"": ""reject: not enough balance"", ""blackout"": ""reject: blackout period"", ""notice"": ""reject: too little notice""}",approve,balance,0.3526,False
hr,"{""policy"": ""Leave needs enough balance. Requests over 10 days need 14 days notice. No leave during the year-end blackout."", ""request"": {""balance_days"": 20, ""days"": 2, ""during_blackout"": false, ""notice_days"": 30, ""reason"": ""family event""}}",balance,noul,The employee has enough leave balance.,"{""false"": ""no, the statement does not hold"", ""true"": ""yes, the statement holds""}",true,false,0.6328,False
hr,"{""policy"": ""Leave needs enough balance. Requests over 10 days need 14 days notice. No leave during the year-end blackout."", ""request"": {""balance_days"": 20, ""days"": 2, ""during_blackout"": false, ""notice_days"": 30, ""reason"": ""family event""}}",approve,noul,The request can be approved under policy.,"{""false"": ""no, the statement does not hold"", ""true"": ""yes, the statement holds""}",true,false,0.7915,False
support,"{""account_age_days"": 568, ""customer_plan"": ""free"", ""ticket"": ""Love the latest update, the speed is amazing.""}",needs_reply,noul,This ticket needs a reply from a human agent.,"{""false"": ""no, the statement does not hold"", ""true"": ""yes, the statement holds""}",false,false,0.9305,True
support,"{""account_age_days"": 568, ""customer_plan"": ""free"", ""ticket"": ""Love the latest update, the speed is amazing.""}",angry,noul,The customer is upset or frustrated.,"{""false"": ""no, the statement does not hold"", ""true"": ""yes, the statement holds""}",false,false,0.9846,True
support,"{""account_age_days"": 568, ""customer_plan"": ""free"", ""ticket"": ""Love the latest update, the speed is amazing.""}",priority,score,What priority should this ticket get?,"[""low"", ""normal"", ""high"", ""urgent""]",0,1,0.3913,False
support,"{""account_age_days"": 568, ""customer_plan"": ""free"", ""ticket"": ""Love the latest update, the speed is amazing.""}",team,choice,Which team should handle this ticket?,"{""billing"": ""billing and accounts"", ""engineering"": ""engineering (product broken)"", ""support"": ""general support""}",support,support,0.5395,True
privacy,"{""dataset_sample"": ""email john@example.com, phone +1 415 555 0100"", ""destination"": ""internal encrypted warehouse"", ""rule"": ""PII may only go to internal encrypted storage.""}",allowed,noul,This transfer is allowed.,"{""false"": ""no, the statement does not hold"", ""true"": ""yes, the statement holds""}",true,false,0.5136,False
privacy,"{""dataset_sample"": ""email john@example.com, phone +1 415 555 0100"", ""destination"": ""internal encrypted warehouse"", ""rule"": ""PII may only go to internal encrypted storage.""}",pii,noul,The dataset contains personal data.,"{""false"": ""no, the statement does not hold"", ""true"": ""yes, the statement holds""}",true,true,0.5537,True
privacy,"{""dataset_sample"": ""email john@example.com, phone +1 415 555 0100"", ""destination"": ""internal encrypted warehouse"", ""rule"": ""PII may only go to internal encrypted storage.""}",risk,score,Privacy risk of the transfer?,"[""none"", ""low"", ""medium"", ""high""]",1,2,0.375,False
sales,"{""ideal_customer"": ""companies with 200+ employees, budget over $25k, buying within 6 months, decision-maker title"", ""lead"": {""buying_timeline"": ""next year"", ""company_employees"": 12973, ""stated_budget_usd"": 116266, ""title"": ""VP Engineering""}}",decision_maker,noul,The contact is a decision-maker.,"{""false"": ""no, the statement does not hold"", ""true"": ""yes, the statement holds""}",true,true,0.5977,True
sales,"{""ideal_customer"": ""companies with 200+ employees, budget over $25k, buying within 6 months, decision-maker title"", ""lead"": {""buying_timeline"": ""next year"", ""company_employees"": 12973, ""stated_budget_usd"": 116266, ""title"": ""VP Engineering""}}",route,choice,Route the lead:,"{""disqualify"": ""disqualify"", ""nurture"": ""marketing nurture"", ""sales"": ""hand to sales now""}",nurture,sales,0.5428,False
sales,"{""ideal_customer"": ""companies with 200+ employees, budget over $25k, buying within 6 months, decision-maker title"", ""lead"": {""buying_timeline"": ""next year"", ""company_employees"": 12973, ""stated_budget_usd"": 116266, ""title"": ""VP Engineering""}}",fit,score,How well does this lead fit the ideal customer?,"[""poor"", ""weak"", ""partial"", ""strong""]",2,3,0.5539,False
inventory,"{""avg_daily_sales"": 50, ""on_hand_units"": 2, ""rule"": ""Reorder when stock covers fewer days than the lead time."", ""sku"": ""SKU-656"", ""supplier_lead_time_days"": 14}",reorder,noul,This SKU should be reordered now.,"{""false"": ""no, the statement does not hold"", ""true"": ""yes, the statement holds""}",true,false,0.7708,False
inventory,"{""avg_daily_sales"": 50, ""on_hand_units"": 2, ""rule"": ""Reorder when stock covers fewer days than the lead time."", ""sku"": ""SKU-656"", ""supplier_lead_time_days"": 14}",stockout_risk,score,Stock-out risk?,"[""none"", ""low"", ""medium"", ""high""]",3,2,0.4696,False
inventory,"{""avg_daily_sales"": 23, ""on_hand_units"": 480, ""rule"": ""Reorder when stock covers fewer days than the lead time."", ""sku"": ""SKU-455"", ""supplier_lead_time_days"": 14}",stockout_risk,score,Stock-out risk?,"[""none"", ""low"", ""medium"", ""high""]",0,2,0.4447,False
inventory,"{""avg_daily_sales"": 23, ""on_hand_units"": 480, ""rule"": ""Reorder when stock covers fewer days than the lead time."", ""sku"": ""SKU-455"", ""supplier_lead_time_days"": 14}",reorder,noul,This SKU should be reordered now.,"{""false"": ""no, the statement does not hold"", ""true"": ""yes, the statement holds""}",false,false,0.7863,True
deploy,"{""approvals"": 0, ""canary_error_rate_pct"": 0.25, ""change_freeze"": false, ""ci_passed"": true, ""friday_evening"": true, ""policy"": ""Deploy only when CI passes, there is no change freeze, at least 2 approvals exist, and canary error rate is under 1%.""}",blocker,choice,What blocks the deploy?,"{""approvals"": ""not enough approvals"", ""canary"": ""canary errors too high"", ""ci"": ""CI failing"", ""freeze"": ""change freeze"", ""none"": ""nothing, it can go""}",approvals,approvals,0.2666,True
deploy,"{""approvals"": 0, ""canary_error_rate_pct"": 0.25, ""change_freeze"": false, ""ci_passed"": true, ""friday_evening"": true, ""policy"": ""Deploy only when CI passes, there is no change freeze, at least 2 approvals exist, and canary error rate is under 1%.""}",go,noul,The deploy may proceed under the policy.,"{""false"": ""no, the statement does not hold"", ""true"": ""yes, the statement holds""}",false,false,0.5416,True
support,"{""account_age_days"": 99, ""customer_plan"": ""enterprise"", ""ticket"": ""I want to close my account and stop billing.""}",team,choice,Which team should handle this ticket?,"{""billing"": ""billing and accounts"", ""engineering"": ""engineering (product broken)"", ""support"": ""general support""}",billing,billing,0.9553,True
support,"{""account_age_days"": 99, ""customer_plan"": ""enterprise"", ""ticket"": ""I want to close my account and stop billing.""}",needs_reply,noul,This ticket needs a reply from a human agent.,"{""false"": ""no, the statement does not hold"", ""true"": ""yes, the statement holds""}",true,false,0.9129,False
support,"{""account_age_days"": 99, ""customer_plan"": ""enterprise"", ""ticket"": ""I want to close my account and stop billing.""}",priority,score,What priority should this ticket get?,"[""low"", ""normal"", ""high"", ""urgent""]",2,3,0.5132,False
hr,"{""policy"": ""Leave needs enough balance. Requests over 10 days need 14 days notice. No leave during the year-end blackout."", ""request"": {""balance_days"": 0, ""days"": 3, ""during_blackout"": true, ""notice_days"": 30, ""reason"": ""rest""}}",balance,noul,The employee has enough leave balance.,"{""false"": ""no, the statement does not hold"", ""true"": ""yes, the statement holds""}",false,false,0.7687,True
hr,"{""policy"": ""Leave needs enough balance. Requests over 10 days need 14 days notice. No leave during the year-end blackout."", ""request"": {""balance_days"": 0, ""days"": 3, ""during_blackout"": true, ""notice_days"": 30, ""reason"": ""rest""}}",reason,choice,Main outcome?,"{""approve"": ""approve"", ""balance"": ""reject: not enough balance"", ""blackout"": ""reject: blackout period"", ""notice"": ""reject: too little notice""}",blackout,blackout,0.4164,True
hr,"{""policy"": ""Leave needs enough balance. Requests over 10 days need 14 days notice. No leave during the year-end blackout."", ""request"": {""balance_days"": 0, ""days"": 3, ""during_blackout"": true, ""notice_days"": 30, ""reason"": ""rest""}}",approve,noul,The request can be approved under policy.,"{""false"": ""no, the statement does not hold"", ""true"": ""yes, the statement holds""}",false,false,0.8286,True
security,"user: svc-backup; alert: {""event"": ""login"", ""locations"": [""London"", ""Sydney""], ""minutes_apart"": 31, ""mfa_passed"": false}",action,choice,Best immediate action?,"{""block"": ""block the source IP"", ""close"": ""close as benign"", ""isolate"": ""isolate the host from the network"", ""monitor"": ""watch and follow up"", ""reset"": ""force password reset and revoke sessions""}",reset,monitor,0.5851,False
security,"user: svc-backup; alert: {""event"": ""login"", ""locations"": [""London"", ""Sydney""], ""minutes_apart"": 31, ""mfa_passed"": false}",severity,score,Alert severity?,"[""informational"", ""low"", ""high"", ""critical""]",3,0,0.4354,False
security,"user: svc-backup; alert: {""event"": ""login"", ""locations"": [""London"", ""Sydney""], ""minutes_apart"": 31, ""mfa_passed"": false}",true_positive,noul,"This alert is a real security threat, not expected activity.","{""false"": ""no, the statement does not hold"", ""true"": ""yes, the statement holds""}",true,false,0.9159,False
security,"user: svc-backup; alert: {""event"": ""login"", ""locations"": [""London"", ""Sydney""], ""minutes_apart"": 31, ""mfa_passed"": false}",compromised,noul,The account or host is likely compromised.,"{""false"": ""no, the statement does not hold"", ""true"": ""yes, the statement holds""}",true,false,0.9275,False
incident,"{""customer_facing"": true, ""error_rate_pct"": 17.2, ""last_deploy"": ""no deploy in the last 7 days"", ""on_call"": ""maria"", ""p95_latency_ms"": 2962, ""service"": ""payments API"", ""started_minutes_ago"": 31}",rollback,noul,The most recent deploy is a likely cause and should be rolled back.,"{""false"": ""no, the statement does not hold"", ""true"": ""yes, the statement holds""}",false,false,0.5698,True
incident,"{""customer_facing"": true, ""error_rate_pct"": 17.2, ""last_deploy"": ""no deploy in the last 7 days"", ""on_call"": ""maria"", ""p95_latency_ms"": 2962, ""service"": ""payments API"", ""started_minutes_ago"": 31}",urgent,noul,This is an urgent production incident that needs someone paged now.,"{""false"": ""no, the statement does not hold"", ""true"": ""yes, the statement holds""}",true,false,0.7677,False
incident,"{""customer_facing"": true, ""error_rate_pct"": 17.2, ""last_deploy"": ""no deploy in the last 7 days"", ""on_call"": ""maria"", ""p95_latency_ms"": 2962, ""service"": ""payments API"", ""started_minutes_ago"": 31}",severity,score,How severe is the impact?,"[""no impact"", ""minor: few users, workaround exists"", ""degraded: many users affected"", ""major outage: core flow down for most users""]",2,2,0.4404,True
incident,"{""customer_facing"": true, ""error_rate_pct"": 17.2, ""last_deploy"": ""no deploy in the last 7 days"", ""on_call"": ""maria"", ""p95_latency_ms"": 2962, ""service"": ""payments API"", ""started_minutes_ago"": 31}",action,choice,What should on-call do?,"{""ignore"": ""no action, metrics are healthy"", ""page"": ""page the on-call engineer immediately"", ""ticket"": ""open a normal-priority ticket for business hours""}",page,ticket,0.407,False
expense,"policy: Receipts required. Meals up to $75. Flights economy only, up to $1,000. Hotels up to $300/night. Alcohol is never reimbursed. Software over $500 needs IT approval.; expense: {""category"": ""meal"", ""amount_usd"": 60, ""receipt_attached"": true, ""nights"": null}",outcome,choice,Outcome?,"{""it_approval"": ""send for IT approval"", ""missing_receipt"": ""return: receipt missing"", ""reimburse"": ""reimburse"", ""reject"": ""reject as out of policy""}",reimburse,it_approval,0.3477,False
expense,"policy: Receipts required. Meals up to $75. Flights economy only, up to $1,000. Hotels up to $300/night. Alcohol is never reimbursed. Software over $500 needs IT approval.; expense: {""category"": ""meal"", ""amount_usd"": 60, ""receipt_attached"": true, ""nights"": null}",within,noul,The expense is within policy limits.,"{""false"": ""no, the statement does not hold"", ""true"": ""yes, the statement holds""}",true,false,0.6678,False
invoice,"{""invoice"": {""amount_usd"": 17816, ""bank_details_changed_since_last_payment"": false, ""number"": ""INV-1327"", ""po_amount_usd"": 8908, ""same_number_already_paid"": false, ""vendor"": ""Acme Supplies"", ""vendor_on_file"": false}, ""policy"": ""Invoices must match a PO within 2%. Over $10,000 needs CFO sign-off. New vendors or changed bank details need verification by phone. Duplicate invoice numbers must be rejected.""}",risk,score,How risky is paying this invoice as-is?,"[""no risk"", ""low"", ""medium"", ""high""]",2,2,0.4426,True
invoice,"{""invoice"": {""amount_usd"": 17816, ""bank_details_changed_since_last_payment"": false, ""number"": ""INV-1327"", ""po_amount_usd"": 8908, ""same_number_already_paid"": false, ""vendor"": ""Acme Supplies"", ""vendor_on_file"": false}, ""policy"": ""Invoices must match a PO within 2%. Over $10,000 needs CFO sign-off. New vendors or changed bank details need verification by phone. Duplicate invoice numbers must be rejected.""}",route,choice,Where should this invoice go?,"{""cfo"": ""send to the CFO for sign-off"", ""hold"": ""hold, PO mismatch or missing"", ""pay"": ""schedule payment"", ""reject"": ""reject as a duplicate"", ""verify"": ""verify vendor or bank details first""}",verify,cfo,0.4412,False
invoice,"{""invoice"": {""amount_usd"": 17816, ""bank_details_changed_since_last_payment"": false, ""number"": ""INV-1327"", ""po_amount_usd"": 8908, ""same_number_already_paid"": false, ""vendor"": ""Acme Supplies"", ""vendor_on_file"": false}, ""policy"": ""Invoices must match a PO within 2%. Over $10,000 needs CFO sign-off. New vendors or changed bank details need verification by phone. Duplicate invoice numbers must be rejected.""}",po_match,noul,The invoice matches its purchase order within policy.,"{""false"": ""no, the statement does not hold"", ""true"": ""yes, the statement holds""}",false,false,0.5682,True
invoice,"{""invoice"": {""amount_usd"": 17816, ""bank_details_changed_since_last_payment"": false, ""number"": ""INV-1327"", ""po_amount_usd"": 8908, ""same_number_already_paid"": false, ""vendor"": ""Acme Supplies"", ""vendor_on_file"": false}, ""policy"": ""Invoices must match a PO within 2%. Over $10,000 needs CFO sign-off. New vendors or changed bank details need verification by phone. Duplicate invoice numbers must be rejected.""}",verify,noul,Payment details must be verified by phone before paying.,"{""false"": ""no, the statement does not hold"", ""true"": ""yes, the statement holds""}",true,true,0.5553,True
logistics,"{""shipment"": {""carrier_status"": ""delayed at hub"", ""delay_days"": 1, ""perishable"": true, ""promised_delivery_days"": 2}}",status,choice,Shipment status?,"{""major_delay"": ""major delay"", ""minor_delay"": ""minor delay"", ""on_time"": ""on time""}",minor_delay,major_delay,0.8241,False
logistics,"{""shipment"": {""carrier_status"": ""delayed at hub"", ""delay_days"": 1, ""perishable"": true, ""promised_delivery_days"": 2}}",escalate,noul,This shipment needs escalation to the logistics lead.,"{""false"": ""no, the statement does not hold"", ""true"": ""yes, the statement holds""}",true,false,0.5208,False
logistics,"{""shipment"": {""carrier_status"": ""delayed at hub"", ""delay_days"": 1, ""perishable"": true, ""promised_delivery_days"": 2}}",notify,noul,The customer should be told about a delay.,"{""false"": ""no, the statement does not hold"", ""true"": ""yes, the statement holds""}",true,true,0.6139,True
fraud,"txn: {""amount_usd"": 8784, ""card_country_matches_ip"": false, ""txns_last_hour"": 14, ""new_device"": false}; customer_avg_txn_usd: 45",action,choice,Payment decision?,"{""approve"": ""approve"", ""block"": ""block"", ""challenge"": ""step-up verification""}",block,challenge,0.4923,False
fraud,"txn: {""amount_usd"": 8784, ""card_country_matches_ip"": false, ""txns_last_hour"": 14, ""new_device"": false}; customer_avg_txn_usd: 45",suspicious,noul,This transaction looks suspicious.,"{""false"": ""no, the statement does not hold"", ""true"": ""yes, the statement holds""}",true,false,0.9207,False
fraud,"txn: {""amount_usd"": 8784, ""card_country_matches_ip"": false, ""txns_last_hour"": 14, ""new_device"": false}; customer_avg_txn_usd: 45",risk,score,Fraud risk?,"[""low"", ""some"", ""elevated"", ""very high""]",3,1,0.3468,False
sales,"lead: {""company_employees"": 4233, ""stated_budget_usd"": 312679, ""buying_timeline"": ""this quarter"", ""title"": ""Head of Operations""}; ideal_customer: companies with 200+ employees, budget over $25k, buying within 6 months, decision-maker title",route,choice,Route the lead:,"{""disqualify"": ""disqualify"", ""nurture"": ""marketing nurture"", ""sales"": ""hand to sales now""}",sales,sales,0.6543,True
sales,"lead: {""company_employees"": 4233, ""stated_budget_usd"": 312679, ""buying_timeline"": ""this quarter"", ""title"": ""Head of Operations""}; ideal_customer: companies with 200+ employees, budget over $25k, buying within 6 months, decision-maker title",fit,score,How well does this lead fit the ideal customer?,"[""poor"", ""weak"", ""partial"", ""strong""]",3,3,0.5524,True
sales,"lead: {""company_employees"": 4233, ""stated_budget_usd"": 312679, ""buying_timeline"": ""this quarter"", ""title"": ""Head of Operations""}; ideal_customer: companies with 200+ employees, budget over $25k, buying within 6 months, decision-maker title",decision_maker,noul,The contact is a decision-maker.,"{""false"": ""no, the statement does not hold"", ""true"": ""yes, the statement holds""}",true,true,0.5156,True
security,"{""alert"": {""clicked_link"": false, ""event"": ""user_reported_email"", ""other_recipients"": 0}, ""user"": ""a.kumar""}",true_positive,noul,"This alert is a real security threat, not expected activity.","{""false"": ""no, the statement does not hold"", ""true"": ""yes, the statement holds""}",true,false,0.9014,False
security,"{""alert"": {""clicked_link"": false, ""event"": ""user_reported_email"", ""other_recipients"": 0}, ""user"": ""a.kumar""}",action,choice,Best immediate action?,"{""block"": ""block the source IP"", ""close"": ""close as benign"", ""isolate"": ""isolate the host from the network"", ""monitor"": ""watch and follow up"", ""reset"": ""force password reset and revoke sessions""}",monitor,monitor,0.3555,True
security,"{""alert"": {""clicked_link"": false, ""event"": ""user_reported_email"", ""other_recipients"": 0}, ""user"": ""a.kumar""}",severity,score,Alert severity?,"[""informational"", ""low"", ""high"", ""critical""]",1,0,0.4381,False
security,"{""alert"": {""clicked_link"": false, ""event"": ""user_reported_email"", ""other_recipients"": 0}, ""user"": ""a.kumar""}",compromised,noul,The account or host is likely compromised.,"{""false"": ""no, the statement does not hold"", ""true"": ""yes, the statement holds""}",false,false,0.9095,True
hr,"{""policy"": ""Leave needs enough balance. Requests over 10 days need 14 days notice. No leave during the year-end blackout."", ""request"": {""balance_days"": 0, ""days"": 1, ""during_blackout"": false, ""notice_days"": 30, ""reason"": ""family event""}}",balance,noul,The employee has enough leave balance.,"{""false"": ""no, the statement does not hold"", ""true"": ""yes, the statement holds""}",false,false,0.602,True
hr,"{""policy"": ""Leave needs enough balance. Requests over 10 days need 14 days notice. No leave during the year-end blackout."", ""request"": {""balance_days"": 0, ""days"": 1, ""during_blackout"": false, ""notice_days"": 30, ""reason"": ""family event""}}",approve,noul,The request can be approved under policy.,"{""false"": ""no, the statement does not hold"", ""true"": ""yes, the statement holds""}",false,false,0.7068,True
hr,"{""policy"": ""Leave needs enough balance. Requests over 10 days need 14 days notice. No leave during the year-end blackout."", ""request"": {""balance_days"": 0, ""days"": 1, ""during_blackout"": false, ""notice_days"": 30, ""reason"": ""family event""}}",reason,choice,Main outcome?,"{""approve"": ""approve"", ""balance"": ""reject: not enough balance"", ""blackout"": ""reject: blackout period"", ""notice"": ""reject: too little notice""}",balance,balance,0.3099,True
agent_trace,"{""task"": ""Draft a customer reply"", ""trace_summary"": {""completed"": false, ""constraint_violations"": 0, ""irreversible_actions"": 0, ""steps"": 40, ""tool_errors"": 17}}",needs_review,noul,A human should review this agent run.,"{""false"": ""no, the statement does not hold"", ""true"": ""yes, the statement holds""}",true,false,0.5772,False
agent_trace,"{""task"": ""Draft a customer reply"", ""trace_summary"": {""completed"": false, ""constraint_violations"": 0, ""irreversible_actions"": 0, ""steps"": 40, ""tool_errors"": 17}}",outcome,choice,Outcome of the run?,"{""failure"": ""task not done"", ""harmful"": ""caused damage or broke a constraint"", ""success"": ""task done, no issues""}",failure,success,0.5601,False
agent_trace,"{""task"": ""Draft a customer reply"", ""trace_summary"": {""completed"": false, ""constraint_violations"": 0, ""irreversible_actions"": 0, ""steps"": 40, ""tool_errors"": 17}}",action,choice,What should oversight do?,"{""continue"": ""let it proceed"", ""human_review"": ""queue for human review"", ""stop"": ""halt the agent now""}",human_review,continue,0.5186,False
hr,"{""policy"": ""Leave needs enough balance. Requests over 10 days need 14 days notice. No leave during the year-end blackout."", ""request"": {""balance_days"": 20, ""days"": 15, ""during_blackout"": false, ""notice_days"": 1, ""reason"": ""vacation""}}",approve,noul,The request can be approved under policy.,"{""false"": ""no, the statement does not hold"", ""true"": ""yes, the statement holds""}",false,false,0.8901,True
hr,"{""policy"": ""Leave needs enough balance. Requests over 10 days need 14 days notice. No leave during the year-end blackout."", ""request"": {""balance_days"": 20, ""days"": 15, ""during_blackout"": false, ""notice_days"": 1, ""reason"": ""vacation""}}",reason,choice,Main outcome?,"{""approve"": ""approve"", ""balance"": ""reject: not enough balance"", ""blackout"": ""reject: blackout period"", ""notice"": ""reject: too little notice""}",notice,balance,0.3779,False
hr,"{""policy"": ""Leave needs enough balance. Requests over 10 days need 14 days notice. No leave during the year-end blackout."", ""request"": {""balance_days"": 20, ""days"": 15, ""during_blackout"": false, ""notice_days"": 1, ""reason"": ""vacation""}}",balance,noul,The employee has enough leave balance.,"{""false"": ""no, the statement does not hold"", ""true"": ""yes, the statement holds""}",true,false,0.7143,False
refund,"policy: Refunds allowed within 30 days of delivery. Refunds over $500 need manager approval. Customers with 5+ refunds in 90 days are flagged for fraud review.; request: {""amount_usd"": 126, ""days_since_delivery"": 6, ""reason"": ""item arrived damaged"", ""photo_attached"": true}; customer: {""refunds_last_90_days"": 0, ""tenure_months"": 15}",within,noul,The request is within the refund window.,"{""false"": ""no, the statement does not hold"", ""true"": ""yes, the statement holds""}",true,false,0.5696,False
refund,"policy: Refunds allowed within 30 days of delivery. Refunds over $500 need manager approval. Customers with 5+ refunds in 90 days are flagged for fraud review.; request: {""amount_usd"": 126, ""days_since_delivery"": 6, ""reason"": ""item arrived damaged"", ""photo_attached"": true}; customer: {""refunds_last_90_days"": 0, ""tenure_months"": 15}",decision,choice,What should happen to this refund?,"{""approve"": ""approve automatically"", ""deny"": ""deny, outside policy"", ""fraud_review"": ""hold for fraud review"", ""manager"": ""send to a manager for approval""}",approve,manager,0.3417,False
refund,"policy: Refunds allowed within 30 days of delivery. Refunds over $500 need manager approval. Customers with 5+ refunds in 90 days are flagged for fraud review.; request: {""amount_usd"": 126, ""days_since_delivery"": 6, ""reason"": ""item arrived damaged"", ""photo_attached"": true}; customer: {""refunds_last_90_days"": 0, ""tenure_months"": 15}",fraud,noul,The customer must be sent to fraud review.,"{""false"": ""no, the statement does not hold"", ""true"": ""yes, the statement holds""}",false,false,0.7639,True
fraud,"{""customer_avg_txn_usd"": 45, ""txn"": {""amount_usd"": 38, ""card_country_matches_ip"": true, ""new_device"": false, ""txns_last_hour"": 1}}",action,choice,Payment decision?,"{""approve"": ""approve"", ""block"": ""block"", ""challenge"": ""step-up verification""}",approve,approve,0.5363,True
fraud,"{""customer_avg_txn_usd"": 45, ""txn"": {""amount_usd"": 38, ""card_country_matches_ip"": true, ""new_device"": false, ""txns_last_hour"": 1}}",suspicious,noul,This transaction looks suspicious.,"{""false"": ""no, the statement does not hold"", ""true"": ""yes, the statement holds""}",false,false,0.9518,True
fraud,"{""customer_avg_txn_usd"": 45, ""txn"": {""amount_usd"": 38, ""card_country_matches_ip"": true, ""new_device"": false, ""txns_last_hour"": 1}}",risk,score,Fraud risk?,"[""low"", ""some"", ""elevated"", ""very high""]",0,1,0.4954,False
inventory,"{""avg_daily_sales"": 36, ""on_hand_units"": 16, ""rule"": ""Reorder when stock covers fewer days than the lead time."", ""sku"": ""SKU-429"", ""supplier_lead_time_days"": 14}",reorder,noul,This SKU should be reordered now.,"{""false"": ""no, the statement does not hold"", ""true"": ""yes, the statement holds""}",true,false,0.6962,False
inventory,"{""avg_daily_sales"": 36, ""on_hand_units"": 16, ""rule"": ""Reorder when stock covers fewer days than the lead time."", ""sku"": ""SKU-429"", ""supplier_lead_time_days"": 14}",stockout_risk,score,Stock-out risk?,"[""none"", ""low"", ""medium"", ""high""]",3,2,0.4347,False
sales,"{""ideal_customer"": ""companies with 200+ employees, budget over $25k, buying within 6 months, decision-maker title"", ""lead"": {""buying_timeline"": ""this quarter"", ""company_employees"": 10, ""stated_budget_usd"": 180052, ""title"": ""CTO""}}",route,choice,Route the lead:,"{""disqualify"": ""disqualify"", ""nurture"": ""marketing nurture"", ""sales"": ""hand to sales now""}",nurture,sales,0.5563,False
sales,"{""ideal_customer"": ""companies with 200+ employees, budget over $25k, buying within 6 months, decision-maker title"", ""lead"": {""buying_timeline"": ""this quarter"", ""company_employees"": 10, ""stated_budget_usd"": 180052, ""title"": ""CTO""}}",fit,score,How well does this lead fit the ideal customer?,"[""poor"", ""weak"", ""partial"", ""strong""]",2,2,0.4457,True
sales,"{""ideal_customer"": ""companies with 200+ employees, budget over $25k, buying within 6 months, decision-maker title"", ""lead"": {""buying_timeline"": ""this quarter"", ""company_employees"": 10, ""stated_budget_usd"": 180052, ""title"": ""CTO""}}",decision_maker,noul,The contact is a decision-maker.,"{""false"": ""no, the statement does not hold"", ""true"": ""yes, the statement holds""}",true,false,0.5192,False
code_review,"{""pr"": {""adds_tests"": false, ""ci"": ""passed"", ""diff_contains"": ""no secrets"", ""files_changed"": [""src/ui/button.tsx""], ""lines_changed"": 32, ""title"": ""Refactor session handling""}}",ci_ok,noul,CI is green for this pull request.,"{""false"": ""no, the statement does not hold"", ""true"": ""yes, the statement holds""}",true,true,0.5654,True
code_review,"{""pr"": {""adds_tests"": false, ""ci"": ""passed"", ""diff_contains"": ""no secrets"", ""files_changed"": [""src/ui/button.tsx""], ""lines_changed"": 32, ""title"": ""Refactor session handling""}}",secret,noul,The diff leaks a credential.,"{""false"": ""no, the statement does not hold"", ""true"": ""yes, the statement holds""}",false,false,0.9492,True
code_review,"{""pr"": {""adds_tests"": false, ""ci"": ""passed"", ""diff_contains"": ""no secrets"", ""files_changed"": [""src/ui/button.tsx""], ""lines_changed"": 32, ""title"": ""Refactor session handling""}}",verdict,choice,Review verdict?,"{""approve"": ""approve and merge"", ""block"": ""block: must be fixed before merge"", ""careful"": ""needs a careful senior review""}",approve,approve,0.3899,True
code_review,"{""pr"": {""adds_tests"": false, ""ci"": ""passed"", ""diff_contains"": ""no secrets"", ""files_changed"": [""src/ui/button.tsx""], ""lines_changed"": 32, ""title"": ""Refactor session handling""}}",risk,score,How risky is this change?,"[""trivial"", ""low"", ""medium"", ""high""]",1,2,0.4861,False
deploy,"{""approvals"": 3, ""canary_error_rate_pct"": 0.01, ""change_freeze"": true, ""ci_passed"": false, ""friday_evening"": true, ""policy"": ""Deploy only when CI passes, there is no change freeze, at least 2 approvals exist, and canary error rate is under 1%.""}",blocker,choice,What blocks the deploy?,"{""approvals"": ""not enough approvals"", ""canary"": ""canary errors too high"", ""ci"": ""CI failing"", ""freeze"": ""change freeze"", ""none"": ""nothing, it can go""}",ci,approvals,0.3385,False
deploy,"{""approvals"": 3, ""canary_error_rate_pct"": 0.01, ""change_freeze"": true, ""ci_passed"": false, ""friday_evening"": true, ""policy"": ""Deploy only when CI passes, there is no change freeze, at least 2 approvals exist, and canary error rate is under 1%.""}",go,noul,The deploy may proceed under the policy.,"{""false"": ""no, the statement does not hold"", ""true"": ""yes, the statement holds""}",false,true,0.5212,False
sales,"lead: {""company_employees"": 13, ""stated_budget_usd"": 0, ""buying_timeline"": ""next year"", ""title"": ""Head of Operations""}; ideal_customer: companies with 200+ employees, budget over $25k, buying within 6 months, decision-maker title",fit,score,How well does this lead fit the ideal customer?,"[""poor"", ""weak"", ""partial"", ""strong""]",0,2,0.4517,False
sales,"lead: {""company_employees"": 13, ""stated_budget_usd"": 0, ""buying_timeline"": ""next year"", ""title"": ""Head of Operations""}; ideal_customer: companies with 200+ employees, budget over $25k, buying within 6 months, decision-maker title",decision_maker,noul,The contact is a decision-maker.,"{""false"": ""no, the statement does not hold"", ""true"": ""yes, the statement holds""}",true,false,0.5952,False
sales,"lead: {""company_employees"": 13, ""stated_budget_usd"": 0, ""buying_timeline"": ""next year"", ""title"": ""Head of Operations""}; ideal_customer: companies with 200+ employees, budget over $25k, buying within 6 months, decision-maker title",route,choice,Route the lead:,"{""disqualify"": ""disqualify"", ""nurture"": ""marketing nurture"", ""sales"": ""hand to sales now""}",disqualify,sales,0.5641,False
expense,"policy: Receipts required. Meals up to $75. Flights economy only, up to $1,000. Hotels up to $300/night. Alcohol is never reimbursed. Software over $500 needs IT approval.; expense: {""category"": ""software"", ""amount_usd"": 1500, ""receipt_attached"": true, ""nights"": null}",within,noul,The expense is within policy limits.,"{""false"": ""no, the statement does not hold"", ""true"": ""yes, the statement holds""}",false,false,0.7412,True
expense,"policy: Receipts required. Meals up to $75. Flights economy only, up to $1,000. Hotels up to $300/night. Alcohol is never reimbursed. Software over $500 needs IT approval.; expense: {""category"": ""software"", ""amount_usd"": 1500, ""receipt_attached"": true, ""nights"": null}",outcome,choice,Outcome?,"{""it_approval"": ""send for IT approval"", ""missing_receipt"": ""return: receipt missing"", ""reimburse"": ""reimburse"", ""reject"": ""reject as out of policy""}",it_approval,it_approval,0.4122,True
code_review,"{""pr"": {""adds_tests"": false, ""ci"": ""passed"", ""diff_contains"": ""no secrets"", ""files_changed"": [""docs/README.md""], ""lines_changed"": 49, ""title"": ""Drop legacy users table""}}",ci_ok,noul,CI is green for this pull request.,"{""false"": ""no, the statement does not hold"", ""true"": ""yes, the statement holds""}",true,false,0.6957,False
code_review,"{""pr"": {""adds_tests"": false, ""ci"": ""passed"", ""diff_contains"": ""no secrets"", ""files_changed"": [""docs/README.md""], ""lines_changed"": 49, ""title"": ""Drop legacy users table""}}",secret,noul,The diff leaks a credential.,"{""false"": ""no, the statement does not hold"", ""true"": ""yes, the statement holds""}",false,false,0.9364,True
code_review,"{""pr"": {""adds_tests"": false, ""ci"": ""passed"", ""diff_contains"": ""no secrets"", ""files_changed"": [""docs/README.md""], ""lines_changed"": 49, ""title"": ""Drop legacy users table""}}",risk,score,How risky is this change?,"[""trivial"", ""low"", ""medium"", ""high""]",0,2,0.3884,False
code_review,"{""pr"": {""adds_tests"": false, ""ci"": ""passed"", ""diff_contains"": ""no secrets"", ""files_changed"": [""docs/README.md""], ""lines_changed"": 49, ""title"": ""Drop legacy users table""}}",verdict,choice,Review verdict?,"{""approve"": ""approve and merge"", ""block"": ""block: must be fixed before merge"", ""careful"": ""needs a careful senior review""}",approve,block,0.5898,False
scheduling,"{""attendee_free_slots"": [""Tue 14:00"", ""Wed 09:00"", ""Thu 16:00""], ""meeting"": ""30 min project sync"", ""requested_slot"": ""Fri 11:00""}",available,noul,Everyone is free at the requested slot.,"{""false"": ""no, the statement does not hold"", ""true"": ""yes, the statement holds""}",false,false,0.5685,True
scheduling,"{""attendee_free_slots"": [""Tue 14:00"", ""Wed 09:00"", ""Thu 16:00""], ""meeting"": ""30 min project sync"", ""requested_slot"": ""Fri 11:00""}",action,choice,Scheduling action?,"{""book"": ""book the requested slot"", ""propose"": ""propose another slot""}",propose,book,0.638,False
fraud,"{""customer_avg_txn_usd"": 45, ""txn"": {""amount_usd"": 4884, ""card_country_matches_ip"": false, ""new_device"": true, ""txns_last_hour"": 1}}",suspicious,noul,This transaction looks suspicious.,"{""false"": ""no, the statement does not hold"", ""true"": ""yes, the statement holds""}",true,false,0.8522,False
fraud,"{""customer_avg_txn_usd"": 45, ""txn"": {""amount_usd"": 4884, ""card_country_matches_ip"": false, ""new_device"": true, ""txns_last_hour"": 1}}",risk,score,Fraud risk?,"[""low"", ""some"", ""elevated"", ""very high""]",3,1,0.4228,False
fraud,"{""customer_avg_txn_usd"": 45, ""txn"": {""amount_usd"": 4884, ""card_country_matches_ip"": false, ""new_device"": true, ""txns_last_hour"": 1}}",action,choice,Payment decision?,"{""approve"": ""approve"", ""block"": ""block"", ""challenge"": ""step-up verification""}",block,challenge,0.4496,False
incident,service: orders API; error_rate_pct: 0.1; p95_latency_ms: 173; customer_facing: false; started_minutes_ago: 20; last_deploy: v2.0.9 deployed 915 minutes ago; on_call: maria,urgent,noul,This is an urgent production incident that needs someone paged now.,"{""false"": ""no, the statement does not hold"", ""true"": ""yes, the statement holds""}",false,false,0.9068,True
incident,service: orders API; error_rate_pct: 0.1; p95_latency_ms: 173; customer_facing: false; started_minutes_ago: 20; last_deploy: v2.0.9 deployed 915 minutes ago; on_call: maria,rollback,noul,The most recent deploy is a likely cause and should be rolled back.,"{""false"": ""no, the statement does not hold"", ""true"": ""yes, the statement holds""}",false,false,0.6526,True
incident,service: orders API; error_rate_pct: 0.1; p95_latency_ms: 173; customer_facing: false; started_minutes_ago: 20; last_deploy: v2.0.9 deployed 915 minutes ago; on_call: maria,severity,score,How severe is the impact?,"[""no impact"", ""minor: few users, workaround exists"", ""degraded: many users affected"", ""major outage: core flow down for most users""]",0,1,0.4051,False
incident,service: orders API; error_rate_pct: 0.1; p95_latency_ms: 173; customer_facing: false; started_minutes_ago: 20; last_deploy: v2.0.9 deployed 915 minutes ago; on_call: maria,action,choice,What should on-call do?,"{""ignore"": ""no action, metrics are healthy"", ""page"": ""page the on-call engineer immediately"", ""ticket"": ""open a normal-priority ticket for business hours""}",ignore,ignore,0.6226,True
support,ticket: How do I export my contacts to CSV?; customer_plan: pro; account_age_days: 302,needs_reply,noul,This ticket needs a reply from a human agent.,"{""false"": ""no, the statement does not hold"", ""true"": ""yes, the statement holds""}",true,false,0.7973,False
support,ticket: How do I export my contacts to CSV?; customer_plan: pro; account_age_days: 302,team,choice,Which team should handle this ticket?,"{""billing"": ""billing and accounts"", ""engineering"": ""engineering (product broken)"", ""support"": ""general support""}",support,support,0.7155,True
support,ticket: How do I export my contacts to CSV?; customer_plan: pro; account_age_days: 302,angry,noul,The customer is upset or frustrated.,"{""false"": ""no, the statement does not hold"", ""true"": ""yes, the statement holds""}",false,false,0.9746,True
support,ticket: How do I export my contacts to CSV?; customer_plan: pro; account_age_days: 302,priority,score,What priority should this ticket get?,"[""low"", ""normal"", ""high"", ""urgent""]",0,1,0.4088,False
hr,"{""policy"": ""Leave needs enough balance. Requests over 10 days need 14 days notice. No leave during the year-end blackout."", ""request"": {""balance_days"": 20, ""days"": 2, ""during_blackout"": true, ""notice_days"": 1, ""reason"": ""family event""}}",approve,noul,The request can be approved under policy.,"{""false"": ""no, the statement does not hold"", ""true"": ""yes, the statement holds""}",false,false,0.8686,True
hr,"{""policy"": ""Leave needs enough balance. Requests over 10 days need 14 days notice. No leave during the year-end blackout."", ""request"": {""balance_days"": 20, ""days"": 2, ""during_blackout"": true, ""notice_days"": 1, ""reason"": ""family event""}}",balance,noul,The employee has enough leave balance.,"{""false"": ""no, the statement does not hold"", ""true"": ""yes, the statement holds""}",true,false,0.8045,False
hr,"{""policy"": ""Leave needs enough balance. Requests over 10 days need 14 days notice. No leave during the year-end blackout."", ""request"": {""balance_days"": 20, ""days"": 2, ""during_blackout"": true, ""notice_days"": 1, ""reason"": ""family event""}}",reason,choice,Main outcome?,"{""approve"": ""approve"", ""balance"": ""reject: not enough balance"", ""blackout"": ""reject: blackout period"", ""notice"": ""reject: too little notice""}",blackout,balance,0.3246,False
sales,"{""ideal_customer"": ""companies with 200+ employees, budget over $25k, buying within 6 months, decision-maker title"", ""lead"": {""buying_timeline"": ""this quarter"", ""company_employees"": 6337, ""stated_budget_usd"": 282640, ""title"": ""CTO""}}",route,choice,Route the lead:,"{""disqualify"": ""disqualify"", ""nurture"": ""marketing nurture"", ""sales"": ""hand to sales now""}",sales,sales,0.5688,True
sales,"{""ideal_customer"": ""companies with 200+ employees, budget over $25k, buying within 6 months, decision-maker title"", ""lead"": {""buying_timeline"": ""this quarter"", ""company_employees"": 6337, ""stated_budget_usd"": 282640, ""title"": ""CTO""}}",decision_maker,noul,The contact is a decision-maker.,"{""false"": ""no, the statement does not hold"", ""true"": ""yes, the statement holds""}",true,true,0.5366,True
sales,"{""ideal_customer"": ""companies with 200+ employees, budget over $25k, buying within 6 months, decision-maker title"", ""lead"": {""buying_timeline"": ""this quarter"", ""company_employees"": 6337, ""stated_budget_usd"": 282640, ""title"": ""CTO""}}",fit,score,How well does this lead fit the ideal customer?,"[""poor"", ""weak"", ""partial"", ""strong""]",3,3,0.4633,True
inventory,"{""avg_daily_sales"": 58, ""on_hand_units"": 615, ""rule"": ""Reorder when stock covers fewer days than the lead time."", ""sku"": ""SKU-558"", ""supplier_lead_time_days"": 3}",reorder,noul,This SKU should be reordered now.,"{""false"": ""no, the statement does not hold"", ""true"": ""yes, the statement holds""}",false,false,0.7931,True
inventory,"{""avg_daily_sales"": 58, ""on_hand_units"": 615, ""rule"": ""Reorder when stock covers fewer days than the lead time."", ""sku"": ""SKU-558"", ""supplier_lead_time_days"": 3}",stockout_risk,score,Stock-out risk?,"[""none"", ""low"", ""medium"", ""high""]",0,2,0.4572,False
fraud,"{""customer_avg_txn_usd"": 45, ""txn"": {""amount_usd"": 8415, ""card_country_matches_ip"": true, ""new_device"": true, ""txns_last_hour"": 14}}",risk,score,Fraud risk?,"[""low"", ""some"", ""elevated"", ""very high""]",3,1,0.4463,False
fraud,"{""customer_avg_txn_usd"": 45, ""txn"": {""amount_usd"": 8415, ""card_country_matches_ip"": true, ""new_device"": true, ""txns_last_hour"": 14}}",suspicious,noul,This transaction looks suspicious.,"{""false"": ""no, the statement does not hold"", ""true"": ""yes, the statement holds""}",true,false,0.9451,False
fraud,"{""customer_avg_txn_usd"": 45, ""txn"": {""amount_usd"": 8415, ""card_country_matches_ip"": true, ""new_device"": true, ""txns_last_hour"": 14}}",action,choice,Payment decision?,"{""approve"": ""approve"", ""block"": ""block"", ""challenge"": ""step-up verification""}",block,approve,0.623,False
fraud,"{""customer_avg_txn_usd"": 45, ""txn"": {""amount_usd"": 6688, ""card_country_matches_ip"": true, ""new_device"": false, ""txns_last_hour"": 1}}",action,choice,Payment decision?,"{""approve"": ""approve"", ""block"": ""block"", ""challenge"": ""step-up verification""}",challenge,approve,0.5057,False
fraud,"{""customer_avg_txn_usd"": 45, ""txn"": {""amount_usd"": 6688, ""card_country_matches_ip"": true, ""new_device"": false, ""txns_last_hour"": 1}}",risk,score,Fraud risk?,"[""low"", ""some"", ""elevated"", ""very high""]",1,1,0.4688,True
fraud,"{""customer_avg_txn_usd"": 45, ""txn"": {""amount_usd"": 6688, ""card_country_matches_ip"": true, ""new_device"": false, ""txns_last_hour"": 1}}",suspicious,noul,This transaction looks suspicious.,"{""false"": ""no, the statement does not hold"", ""true"": ""yes, the statement holds""}",true,false,0.9393,False
support,"{""account_age_days"": 1892, ""customer_plan"": ""free"", ""ticket"": ""Where can I change my notification settings?""}",needs_reply,noul,This ticket needs a reply from a human agent.,"{""false"": ""no, the statement does not hold"", ""true"": ""yes, the statement holds""}",true,false,0.9399,False
support,"{""account_age_days"": 1892, ""customer_plan"": ""free"", ""ticket"": ""Where can I change my notification settings?""}",angry,noul,The customer is upset or frustrated.,"{""false"": ""no, the statement does not hold"", ""true"": ""yes, the statement holds""}",false,false,0.9654,True
support,"{""account_age_days"": 1892, ""customer_plan"": ""free"", ""ticket"": ""Where can I change my notification settings?""}",priority,score,What priority should this ticket get?,"[""low"", ""normal"", ""high"", ""urgent""]",0,1,0.3899,False
support,"{""account_age_days"": 1892, ""customer_plan"": ""free"", ""ticket"": ""Where can I change my notification settings?""}",team,choice,Which team should handle this ticket?,"{""billing"": ""billing and accounts"", ""engineering"": ""engineering (product broken)"", ""support"": ""general support""}",support,support,0.6427,True
security,"{""alert"": {""event"": ""port_scan"", ""scheduled"": true, ""source"": ""vuln-scanner-01 (approved weekly scan)""}, ""user"": ""a.kumar""}",true_positive,noul,"This alert is a real security threat, not expected activity.","{""false"": ""no, the statement does not hold"", ""true"": ""yes, the statement holds""}",false,false,0.7139,True
security,"{""alert"": {""event"": ""port_scan"", ""scheduled"": true, ""source"": ""vuln-scanner-01 (approved weekly scan)""}, ""user"": ""a.kumar""}",action,choice,Best immediate action?,"{""block"": ""block the source IP"", ""close"": ""close as benign"", ""isolate"": ""isolate the host from the network"", ""monitor"": ""watch and follow up"", ""reset"": ""force password reset and revoke sessions""}",close,monitor,0.5033,False
security,"{""alert"": {""event"": ""port_scan"", ""scheduled"": true, ""source"": ""vuln-scanner-01 (approved weekly scan)""}, ""user"": ""a.kumar""}",compromised,noul,The account or host is likely compromised.,"{""false"": ""no, the statement does not hold"", ""true"": ""yes, the statement holds""}",false,false,0.8276,True
security,"{""alert"": {""event"": ""port_scan"", ""scheduled"": true, ""source"": ""vuln-scanner-01 (approved weekly scan)""}, ""user"": ""a.kumar""}",severity,score,Alert severity?,"[""informational"", ""low"", ""high"", ""critical""]",0,0,0.3801,True
invoice,"policy: Invoices must match a PO within 2%. Over $10,000 needs CFO sign-off. New vendors or changed bank details need verification by phone. Duplicate invoice numbers must be rejected.; invoice: {""number"": ""INV-8350"", ""amount_usd"": 2839, ""vendor"": ""Initech"", ""po_amount_usd"": 1419, ""vendor_on_file"": false, ""bank_details_changed_since_last_payment"": false, ""same_number_already_paid"": false}",route,choice,Where should this invoice go?,"{""cfo"": ""send to the CFO for sign-off"", ""hold"": ""hold, PO mismatch or missing"", ""pay"": ""schedule payment"", ""reject"": ""reject as a duplicate"", ""verify"": ""verify vendor or bank details first""}",verify,cfo,0.3423,False
invoice,"policy: Invoices must match a PO within 2%. Over $10,000 needs CFO sign-off. New vendors or changed bank details need verification by phone. Duplicate invoice numbers must be rejected.; invoice: {""number"": ""INV-8350"", ""amount_usd"": 2839, ""vendor"": ""Initech"", ""po_amount_usd"": 1419, ""vendor_on_file"": false, ""bank_details_changed_since_last_payment"": false, ""same_number_already_paid"": false}",verify,noul,Payment details must be verified by phone before paying.,"{""false"": ""no, the statement does not hold"", ""true"": ""yes, the statement holds""}",true,false,0.6281,False
invoice,"policy: Invoices must match a PO within 2%. Over $10,000 needs CFO sign-off. New vendors or changed bank details need verification by phone. Duplicate invoice numbers must be rejected.; invoice: {""number"": ""INV-8350"", ""amount_usd"": 2839, ""vendor"": ""Initech"", ""po_amount_usd"": 1419, ""vendor_on_file"": false, ""bank_details_changed_since_last_payment"": false, ""same_number_already_paid"": false}",po_match,noul,The invoice matches its purchase order within policy.,"{""false"": ""no, the statement does not hold"", ""true"": ""yes, the statement holds""}",false,false,0.895,True
invoice,"policy: Invoices must match a PO within 2%. Over $10,000 needs CFO sign-off. New vendors or changed bank details need verification by phone. Duplicate invoice numbers must be rejected.; invoice: {""number"": ""INV-8350"", ""amount_usd"": 2839, ""vendor"": ""Initech"", ""po_amount_usd"": 1419, ""vendor_on_file"": false, ""bank_details_changed_since_last_payment"": false, ""same_number_already_paid"": false}",risk,score,How risky is paying this invoice as-is?,"[""no risk"", ""low"", ""medium"", ""high""]",2,3,0.3579,False
logistics,"{""shipment"": {""carrier_status"": ""delayed at hub"", ""delay_days"": 1, ""perishable"": false, ""promised_delivery_days"": 7}}",status,choice,Shipment status?,"{""major_delay"": ""major delay"", ""minor_delay"": ""minor delay"", ""on_time"": ""on time""}",minor_delay,major_delay,0.8286,False
logistics,"{""shipment"": {""carrier_status"": ""delayed at hub"", ""delay_days"": 1, ""perishable"": false, ""promised_delivery_days"": 7}}",escalate,noul,This shipment needs escalation to the logistics lead.,"{""false"": ""no, the statement does not hold"", ""true"": ""yes, the statement holds""}",false,false,0.506,True
logistics,"{""shipment"": {""carrier_status"": ""delayed at hub"", ""delay_days"": 1, ""perishable"": false, ""promised_delivery_days"": 7}}",notify,noul,The customer should be told about a delay.,"{""false"": ""no, the statement does not hold"", ""true"": ""yes, the statement holds""}",true,true,0.6472,True
code_review,"{""pr"": {""adds_tests"": false, ""ci"": ""passed"", ""diff_contains"": ""no secrets"", ""files_changed"": [""migrations/0042_drop_users.sql""], ""lines_changed"": 7, ""title"": ""Add dark mode button""}}",ci_ok,noul,CI is green for this pull request.,"{""false"": ""no, the statement does not hold"", ""true"": ""yes, the statement holds""}",true,false,0.5201,False
code_review,"{""pr"": {""adds_tests"": false, ""ci"": ""passed"", ""diff_contains"": ""no secrets"", ""files_changed"": [""migrations/0042_drop_users.sql""], ""lines_changed"": 7, ""title"": ""Add dark mode button""}}",verdict,choice,Review verdict?,"{""approve"": ""approve and merge"", ""block"": ""block: must be fixed before merge"", ""careful"": ""needs a careful senior review""}",careful,approve,0.3624,False
code_review,"{""pr"": {""adds_tests"": false, ""ci"": ""passed"", ""diff_contains"": ""no secrets"", ""files_changed"": [""migrations/0042_drop_users.sql""], ""lines_changed"": 7, ""title"": ""Add dark mode button""}}",secret,noul,The diff leaks a credential.,"{""false"": ""no, the statement does not hold"", ""true"": ""yes, the statement holds""}",false,false,0.9501,True
code_review,"{""pr"": {""adds_tests"": false, ""ci"": ""passed"", ""diff_contains"": ""no secrets"", ""files_changed"": [""migrations/0042_drop_users.sql""], ""lines_changed"": 7, ""title"": ""Add dark mode button""}}",risk,score,How risky is this change?,"[""trivial"", ""low"", ""medium"", ""high""]",3,2,0.4043,False
access,"{""manager_approved"": true, ""policy"": ""Interns and contractors never get prod admin or payroll. Payroll only for finance. Every grant needs manager approval."", ""requester_role"": ""finance analyst"", ""resource"": ""payroll system""}",decision,choice,Decision?,"{""deny"": ""deny: role not allowed"", ""grant"": ""grant"", ""need_manager"": ""wait for manager approval""}",grant,need_manager,0.5349,False
access,"{""manager_approved"": true, ""policy"": ""Interns and contractors never get prod admin or payroll. Payroll only for finance. Every grant needs manager approval."", ""requester_role"": ""finance analyst"", ""resource"": ""payroll system""}",grant,noul,Access can be granted.,"{""false"": ""no, the statement does not hold"", ""true"": ""yes, the statement holds""}",true,false,0.7341,False
fraud,"{""customer_avg_txn_usd"": 45, ""txn"": {""amount_usd"": 77, ""card_country_matches_ip"": false, ""new_device"": false, ""txns_last_hour"": 14}}",risk,score,Fraud risk?,"[""low"", ""some"", ""elevated"", ""very high""]",2,1,0.4178,False
fraud,"{""customer_avg_txn_usd"": 45, ""txn"": {""amount_usd"": 77, ""card_country_matches_ip"": false, ""new_device"": false, ""txns_last_hour"": 14}}",suspicious,noul,This transaction looks suspicious.,"{""false"": ""no, the statement does not hold"", ""true"": ""yes, the statement holds""}",true,false,0.8667,False
fraud,"{""customer_avg_txn_usd"": 45, ""txn"": {""amount_usd"": 77, ""card_country_matches_ip"": false, ""new_device"": false, ""txns_last_hour"": 14}}",action,choice,Payment decision?,"{""approve"": ""approve"", ""block"": ""block"", ""challenge"": ""step-up verification""}",challenge,challenge,0.4823,True
logistics,"{""shipment"": {""carrier_status"": ""on time"", ""delay_days"": 0, ""perishable"": false, ""promised_delivery_days"": 2}}",status,choice,Shipment status?,"{""major_delay"": ""major delay"", ""minor_delay"": ""minor delay"", ""on_time"": ""on time""}",on_time,on_time,0.8168,True
logistics,"{""shipment"": {""carrier_status"": ""on time"", ""delay_days"": 0, ""perishable"": false, ""promised_delivery_days"": 2}}",escalate,noul,This shipment needs escalation to the logistics lead.,"{""false"": ""no, the statement does not hold"", ""true"": ""yes, the statement holds""}",false,false,0.9036,True
logistics,"{""shipment"": {""carrier_status"": ""on time"", ""delay_days"": 0, ""perishable"": false, ""promised_delivery_days"": 2}}",notify,noul,The customer should be told about a delay.,"{""false"": ""no, the statement does not hold"", ""true"": ""yes, the statement holds""}",false,false,0.9288,True
security,"{""alert"": {""count"": 1505, ""event"": ""failed_logins"", ""source_ip_reputation"": ""known malicious"", ""then_success"": true, ""window_minutes"": 10}, ""user"": ""a.kumar""}",compromised,noul,The account or host is likely compromised.,"{""false"": ""no, the statement does not hold"", ""true"": ""yes, the statement holds""}",true,false,0.5209,False
security,"{""alert"": {""count"": 1505, ""event"": ""failed_logins"", ""source_ip_reputation"": ""known malicious"", ""then_success"": true, ""window_minutes"": 10}, ""user"": ""a.kumar""}",severity,score,Alert severity?,"[""informational"", ""low"", ""high"", ""critical""]",3,2,0.3487,False
security,"{""alert"": {""count"": 1505, ""event"": ""failed_logins"", ""source_ip_reputation"": ""known malicious"", ""then_success"": true, ""window_minutes"": 10}, ""user"": ""a.kumar""}",true_positive,noul,"This alert is a real security threat, not expected activity.","{""false"": ""no, the statement does not hold"", ""true"": ""yes, the statement holds""}",true,true,0.5029,True
security,"{""alert"": {""count"": 1505, ""event"": ""failed_logins"", ""source_ip_reputation"": ""known malicious"", ""then_success"": true, ""window_minutes"": 10}, ""user"": ""a.kumar""}",action,choice,Best immediate action?,"{""block"": ""block the source IP"", ""close"": ""close as benign"", ""isolate"": ""isolate the host from the network"", ""monitor"": ""watch and follow up"", ""reset"": ""force password reset and revoke sessions""}",reset,monitor,0.322,False
refund,"{""customer"": {""refunds_last_90_days"": 0, ""tenure_months"": 18}, ""policy"": ""Refunds allowed within 30 days of delivery. Refunds over $500 need manager approval. Customers with 5+ refunds in 90 days are flagged for fraud review."", ""request"": {""amount_usd"": 38, ""days_since_delivery"": 6, ""photo_attached"": true, ""reason"": ""item arrived damaged""}}",within,noul,The request is within the refund window.,"{""false"": ""no, the statement does not hold"", ""true"": ""yes, the statement holds""}",true,false,0.5549,False
refund,"{""customer"": {""refunds_last_90_days"": 0, ""tenure_months"": 18}, ""policy"": ""Refunds allowed within 30 days of delivery. Refunds over $500 need manager approval. Customers with 5+ refunds in 90 days are flagged for fraud review."", ""request"": {""amount_usd"": 38, ""days_since_delivery"": 6, ""photo_attached"": true, ""reason"": ""item arrived damaged""}}",fraud,noul,The customer must be sent to fraud review.,"{""false"": ""no, the statement does not hold"", ""true"": ""yes, the statement holds""}",false,false,0.6942,True
refund,"{""customer"": {""refunds_last_90_days"": 0, ""tenure_months"": 18}, ""policy"": ""Refunds allowed within 30 days of delivery. Refunds over $500 need manager approval. Customers with 5+ refunds in 90 days are flagged for fraud review."", ""request"": {""amount_usd"": 38, ""days_since_delivery"": 6, ""photo_attached"": true, ""reason"": ""item arrived damaged""}}",decision,choice,What should happen to this refund?,"{""approve"": ""approve automatically"", ""deny"": ""deny, outside policy"", ""fraud_review"": ""hold for fraud review"", ""manager"": ""send to a manager for approval""}",approve,manager,0.484,False
inventory,"{""avg_daily_sales"": 57, ""on_hand_units"": 759, ""rule"": ""Reorder when stock covers fewer days than the lead time."", ""sku"": ""SKU-596"", ""supplier_lead_time_days"": 3}",reorder,noul,This SKU should be reordered now.,"{""false"": ""no, the statement does not hold"", ""true"": ""yes, the statement holds""}",false,false,0.8201,True
inventory,"{""avg_daily_sales"": 57, ""on_hand_units"": 759, ""rule"": ""Reorder when stock covers fewer days than the lead time."", ""sku"": ""SKU-596"", ""supplier_lead_time_days"": 3}",stockout_risk,score,Stock-out risk?,"[""none"", ""low"", ""medium"", ""high""]",0,2,0.4738,False
code_review,"{""pr"": {""adds_tests"": false, ""ci"": ""failed"", ""diff_contains"": ""no secrets"", ""files_changed"": [""src/ui/button.tsx""], ""lines_changed"": 2582, ""title"": ""Fix typo""}}",ci_ok,noul,CI is green for this pull request.,"{""false"": ""no, the statement does not hold"", ""true"": ""yes, the statement holds""}",false,false,0.7914,True
code_review,"{""pr"": {""adds_tests"": false, ""ci"": ""failed"", ""diff_contains"": ""no secrets"", ""files_changed"": [""src/ui/button.tsx""], ""lines_changed"": 2582, ""title"": ""Fix typo""}}",risk,score,How risky is this change?,"[""trivial"", ""low"", ""medium"", ""high""]",2,2,0.4773,True
code_review,"{""pr"": {""adds_tests"": false, ""ci"": ""failed"", ""diff_contains"": ""no secrets"", ""files_changed"": [""src/ui/button.tsx""], ""lines_changed"": 2582, ""title"": ""Fix typo""}}",verdict,choice,Review verdict?,"{""approve"": ""approve and merge"", ""block"": ""block: must be fixed before merge"", ""careful"": ""needs a careful senior review""}",block,block,0.4679,True
code_review,"{""pr"": {""adds_tests"": false, ""ci"": ""failed"", ""diff_contains"": ""no secrets"", ""files_changed"": [""src/ui/button.tsx""], ""lines_changed"": 2582, ""title"": ""Fix typo""}}",secret,noul,The diff leaks a credential.,"{""false"": ""no, the statement does not hold"", ""true"": ""yes, the statement holds""}",false,false,0.9436,True
hr,"{""policy"": ""Leave needs enough balance. Requests over 10 days need 14 days notice. No leave during the year-end blackout."", ""request"": {""balance_days"": 0, ""days"": 15, ""during_blackout"": false, ""notice_days"": 30, ""reason"": ""rest""}}",reason,choice,Main outcome?,"{""approve"": ""approve"", ""balance"": ""reject: not enough balance"", ""blackout"": ""reject: blackout period"", ""notice"": ""reject: too little notice""}",balance,blackout,0.335,False
hr,"{""policy"": ""Leave needs enough balance. Requests over 10 days need 14 days notice. No leave during the year-end blackout."", ""request"": {""balance_days"": 0, ""days"": 15, ""during_blackout"": false, ""notice_days"": 30, ""reason"": ""rest""}}",approve,noul,The request can be approved under policy.,"{""false"": ""no, the statement does not hold"", ""true"": ""yes, the statement holds""}",false,false,0.7778,True
hr,"{""policy"": ""Leave needs enough balance. Requests over 10 days need 14 days notice. No leave during the year-end blackout."", ""request"": {""balance_days"": 0, ""days"": 15, ""during_blackout"": false, ""notice_days"": 30, ""reason"": ""rest""}}",balance,noul,The employee has enough leave balance.,"{""false"": ""no, the statement does not hold"", ""true"": ""yes, the statement holds""}",false,false,0.6948,True
support,"{""account_age_days"": 554, ""customer_plan"": ""pro"", ""ticket"": ""Dark mode makes the settings text unreadable (black on black).""}",team,choice,Which team should handle this ticket?,"{""billing"": ""billing and accounts"", ""engineering"": ""engineering (product broken)"", ""support"": ""general support""}",engineering,support,0.5025,False
support,"{""account_age_days"": 554, ""customer_plan"": ""pro"", ""ticket"": ""Dark mode makes the settings text unreadable (black on black).""}",priority,score,What priority should this ticket get?,"[""low"", ""normal"", ""high"", ""urgent""]",1,0,0.2994,False
support,"{""account_age_days"": 554, ""customer_plan"": ""pro"", ""ticket"": ""Dark mode makes the settings text unreadable (black on black).""}",needs_reply,noul,This ticket needs a reply from a human agent.,"{""false"": ""no, the statement does not hold"", ""true"": ""yes, the statement holds""}",true,false,0.8112,False
inventory,sku: SKU-548; on_hand_units: 10; avg_daily_sales: 42; supplier_lead_time_days: 14; rule: Reorder when stock covers fewer days than the lead time.,reorder,noul,This SKU should be reordered now.,"{""false"": ""no, the statement does not hold"", ""true"": ""yes, the statement holds""}",true,true,0.8168,True
inventory,sku: SKU-548; on_hand_units: 10; avg_daily_sales: 42; supplier_lead_time_days: 14; rule: Reorder when stock covers fewer days than the lead time.,stockout_risk,score,Stock-out risk?,"[""none"", ""low"", ""medium"", ""high""]",3,2,0.4087,False
scheduling,"{""attendee_free_slots"": [""Thu 16:00"", ""Tue 14:00"", ""Fri 11:00""], ""meeting"": ""30 min project sync"", ""requested_slot"": ""Thu 16:00""}",available,noul,Everyone is free at the requested slot.,"{""false"": ""no, the statement does not hold"", ""true"": ""yes, the statement holds""}",true,true,0.59,True
scheduling,"{""attendee_free_slots"": [""Thu 16:00"", ""Tue 14:00"", ""Fri 11:00""], ""meeting"": ""30 min project sync"", ""requested_slot"": ""Thu 16:00""}",action,choice,Scheduling action?,"{""book"": ""book the requested slot"", ""propose"": ""propose another slot""}",book,book,0.9731,True
sales,"{""ideal_customer"": ""companies with 200+ employees, budget over $25k, buying within 6 months, decision-maker title"", ""lead"": {""buying_timeline"": ""just browsing"", ""company_employees"": 3, ""stated_budget_usd"": 341049, ""title"": ""Head of Operations""}}",route,choice,Route the lead:,"{""disqualify"": ""disqualify"", ""nurture"": ""marketing nurture"", ""sales"": ""hand to sales now""}",nurture,sales,0.5698,False
sales,"{""ideal_customer"": ""companies with 200+ employees, budget over $25k, buying within 6 months, decision-maker title"", ""lead"": {""buying_timeline"": ""just browsing"", ""company_employees"": 3, ""stated_budget_usd"": 341049, ""title"": ""Head of Operations""}}",decision_maker,noul,The contact is a decision-maker.,"{""false"": ""no, the statement does not hold"", ""true"": ""yes, the statement holds""}",true,true,0.5159,True
sales,"{""ideal_customer"": ""companies with 200+ employees, budget over $25k, buying within 6 months, decision-maker title"", ""lead"": {""buying_timeline"": ""just browsing"", ""company_employees"": 3, ""stated_budget_usd"": 341049, ""title"": ""Head of Operations""}}",fit,score,How well does this lead fit the ideal customer?,"[""poor"", ""weak"", ""partial"", ""strong""]",1,2,0.432,False
invoice,"{""invoice"": {""amount_usd"": 72944, ""bank_details_changed_since_last_payment"": false, ""number"": ""INV-1046"", ""po_amount_usd"": null, ""same_number_already_paid"": true, ""vendor"": ""Globex"", ""vendor_on_file"": false}, ""policy"": ""Invoices must match a PO within 2%. Over $10,000 needs CFO sign-off. New vendors or changed bank details need verification by phone. Duplicate invoice numbers must be rejected.""}",risk,score,How risky is paying this invoice as-is?,"[""no risk"", ""low"", ""medium"", ""high""]",3,2,0.4301,False
invoice,"{""invoice"": {""amount_usd"": 72944, ""bank_details_changed_since_last_payment"": false, ""number"": ""INV-1046"", ""po_amount_usd"": null, ""same_number_already_paid"": true, ""vendor"": ""Globex"", ""vendor_on_file"": false}, ""policy"": ""Invoices must match a PO within 2%. Over $10,000 needs CFO sign-off. New vendors or changed bank details need verification by phone. Duplicate invoice numbers must be rejected.""}",po_match,noul,The invoice matches its purchase order within policy.,"{""false"": ""no, the statement does not hold"", ""true"": ""yes, the statement holds""}",false,false,0.596,True
invoice,"{""invoice"": {""amount_usd"": 72944, ""bank_details_changed_since_last_payment"": false, ""number"": ""INV-1046"", ""po_amount_usd"": null, ""same_number_already_paid"": true, ""vendor"": ""Globex"", ""vendor_on_file"": false}, ""policy"": ""Invoices must match a PO within 2%. Over $10,000 needs CFO sign-off. New vendors or changed bank details need verification by phone. Duplicate invoice numbers must be rejected.""}",route,choice,Where should this invoice go?,"{""cfo"": ""send to the CFO for sign-off"", ""hold"": ""hold, PO mismatch or missing"", ""pay"": ""schedule payment"", ""reject"": ""reject as a duplicate"", ""verify"": ""verify vendor or bank details first""}",reject,cfo,0.4177,False
invoice,"{""invoice"": {""amount_usd"": 72944, ""bank_details_changed_since_last_payment"": false, ""number"": ""INV-1046"", ""po_amount_usd"": null, ""same_number_already_paid"": true, ""vendor"": ""Globex"", ""vendor_on_file"": false}, ""policy"": ""Invoices must match a PO within 2%. Over $10,000 needs CFO sign-off. New vendors or changed bank details need verification by phone. Duplicate invoice numbers must be rejected.""}",verify,noul,Payment details must be verified by phone before paying.,"{""false"": ""no, the statement does not hold"", ""true"": ""yes, the statement holds""}",true,true,0.5594,True
deploy,"{""approvals"": 2, ""canary_error_rate_pct"": 10.68, ""change_freeze"": false, ""ci_passed"": true, ""friday_evening"": false, ""policy"": ""Deploy only when CI passes, there is no change freeze, at least 2 approvals exist, and canary error rate is under 1%.""}",blocker,choice,What blocks the deploy?,"{""approvals"": ""not enough approvals"", ""canary"": ""canary errors too high"", ""ci"": ""CI failing"", ""freeze"": ""change freeze"", ""none"": ""nothing, it can go""}",canary,approvals,0.3691,False
deploy,"{""approvals"": 2, ""canary_error_rate_pct"": 10.68, ""change_freeze"": false, ""ci_passed"": true, ""friday_evening"": false, ""policy"": ""Deploy only when CI passes, there is no change freeze, at least 2 approvals exist, and canary error rate is under 1%.""}",go,noul,The deploy may proceed under the policy.,"{""false"": ""no, the statement does not hold"", ""true"": ""yes, the statement holds""}",false,true,0.8922,False
scheduling,"{""attendee_free_slots"": [""Tue 14:00"", ""Mon 10:00"", ""Thu 16:00""], ""meeting"": ""30 min project sync"", ""requested_slot"": ""Wed 09:00""}",available,noul,Everyone is free at the requested slot.,"{""false"": ""no, the statement does not hold"", ""true"": ""yes, the statement holds""}",false,false,0.5923,True
scheduling,"{""attendee_free_slots"": [""Tue 14:00"", ""Mon 10:00"", ""Thu 16:00""], ""meeting"": ""30 min project sync"", ""requested_slot"": ""Wed 09:00""}",action,choice,Scheduling action?,"{""book"": ""book the requested slot"", ""propose"": ""propose another slot""}",propose,book,0.6554,False
hr,"{""policy"": ""Leave needs enough balance. Requests over 10 days need 14 days notice. No leave during the year-end blackout."", ""request"": {""balance_days"": 20, ""days"": 15, ""during_blackout"": true, ""notice_days"": 30, ""reason"": ""vacation""}}",approve,noul,The request can be approved under policy.,"{""false"": ""no, the statement does not hold"", ""true"": ""yes, the statement holds""}",false,false,0.883,True
hr,"{""policy"": ""Leave needs enough balance. Requests over 10 days need 14 days notice. No leave during the year-end blackout."", ""request"": {""balance_days"": 20, ""days"": 15, ""during_blackout"": true, ""notice_days"": 30, ""reason"": ""vacation""}}",balance,noul,The employee has enough leave balance.,"{""false"": ""no, the statement does not hold"", ""true"": ""yes, the statement holds""}",true,false,0.7708,False
hr,"{""policy"": ""Leave needs enough balance. Requests over 10 days need 14 days notice. No leave during the year-end blackout."", ""request"": {""balance_days"": 20, ""days"": 15, ""during_blackout"": true, ""notice_days"": 30, ""reason"": ""vacation""}}",reason,choice,Main outcome?,"{""approve"": ""approve"", ""balance"": ""reject: not enough balance"", ""blackout"": ""reject: blackout period"", ""notice"": ""reject: too little notice""}",blackout,balance,0.3304,False
access,"{""manager_approved"": true, ""policy"": ""Interns and contractors never get prod admin or payroll. Payroll only for finance. Every grant needs manager approval."", ""requester_role"": ""intern"", ""resource"": ""staging logs""}",grant,noul,Access can be granted.,"{""false"": ""no, the statement does not hold"", ""true"": ""yes, the statement holds""}",true,false,0.5934,False
access,"{""manager_approved"": true, ""policy"": ""Interns and contractors never get prod admin or payroll. Payroll only for finance. Every grant needs manager approval."", ""requester_role"": ""intern"", ""resource"": ""staging logs""}",decision,choice,Decision?,"{""deny"": ""deny: role not allowed"", ""grant"": ""grant"", ""need_manager"": ""wait for manager approval""}",grant,need_manager,0.6637,False
access,"{""manager_approved"": false, ""policy"": ""Interns and contractors never get prod admin or payroll. Payroll only for finance. Every grant needs manager approval."", ""requester_role"": ""intern"", ""resource"": ""payroll system""}",grant,noul,Access can be granted.,"{""false"": ""no, the statement does not hold"", ""true"": ""yes, the statement holds""}",false,false,0.7653,True
access,"{""manager_approved"": false, ""policy"": ""Interns and contractors never get prod admin or payroll. Payroll only for finance. Every grant needs manager approval."", ""requester_role"": ""intern"", ""resource"": ""payroll system""}",decision,choice,Decision?,"{""deny"": ""deny: role not allowed"", ""grant"": ""grant"", ""need_manager"": ""wait for manager approval""}",deny,need_manager,0.4982,False
inventory,"{""avg_daily_sales"": 49, ""on_hand_units"": 10, ""rule"": ""Reorder when stock covers fewer days than the lead time."", ""sku"": ""SKU-121"", ""supplier_lead_time_days"": 3}",stockout_risk,score,Stock-out risk?,"[""none"", ""low"", ""medium"", ""high""]",3,2,0.4551,False
inventory,"{""avg_daily_sales"": 49, ""on_hand_units"": 10, ""rule"": ""Reorder when stock covers fewer days than the lead time."", ""sku"": ""SKU-121"", ""supplier_lead_time_days"": 3}",reorder,noul,This SKU should be reordered now.,"{""false"": ""no, the statement does not hold"", ""true"": ""yes, the statement holds""}",true,false,0.7514,False
refund,"policy: Refunds allowed within 30 days of delivery. Refunds over $500 need manager approval. Customers with 5+ refunds in 90 days are flagged for fraud review.; request: {""amount_usd"": 2639, ""days_since_delivery"": 105, ""reason"": ""wrong size"", ""photo_attached"": false}; customer: {""refunds_last_90_days"": 0, ""tenure_months"": 32}",within,noul,The request is within the refund window.,"{""false"": ""no, the statement does not hold"", ""true"": ""yes, the statement holds""}",false,false,0.6102,True
refund,"policy: Refunds allowed within 30 days of delivery. Refunds over $500 need manager approval. Customers with 5+ refunds in 90 days are flagged for fraud review.; request: {""amount_usd"": 2639, ""days_since_delivery"": 105, ""reason"": ""wrong size"", ""photo_attached"": false}; customer: {""refunds_last_90_days"": 0, ""tenure_months"": 32}",decision,choice,What should happen to this refund?,"{""approve"": ""approve automatically"", ""deny"": ""deny, outside policy"", ""fraud_review"": ""hold for fraud review"", ""manager"": ""send to a manager for approval""}",deny,manager,0.3343,False
refund,"policy: Refunds allowed within 30 days of delivery. Refunds over $500 need manager approval. Customers with 5+ refunds in 90 days are flagged for fraud review.; request: {""amount_usd"": 2639, ""days_since_delivery"": 105, ""reason"": ""wrong size"", ""photo_attached"": false}; customer: {""refunds_last_90_days"": 0, ""tenure_months"": 32}",fraud,noul,The customer must be sent to fraud review.,"{""false"": ""no, the statement does not hold"", ""true"": ""yes, the statement holds""}",false,false,0.7349,True
hr,"{""policy"": ""Leave needs enough balance. Requests over 10 days need 14 days notice. No leave during the year-end blackout."", ""request"": {""balance_days"": 2, ""days"": 1, ""during_blackout"": true, ""notice_days"": 1, ""reason"": ""family event""}}",approve,noul,The request can be approved under policy.,"{""false"": ""no, the statement does not hold"", ""true"": ""yes, the statement holds""}",false,false,0.7775,True
hr,"{""policy"": ""Leave needs enough balance. Requests over 10 days need 14 days notice. No leave during the year-end blackout."", ""request"": {""balance_days"": 2, ""days"": 1, ""during_blackout"": true, ""notice_days"": 1, ""reason"": ""family event""}}",reason,choice,Main outcome?,"{""approve"": ""approve"", ""balance"": ""reject: not enough balance"", ""blackout"": ""reject: blackout period"", ""notice"": ""reject: too little notice""}",blackout,balance,0.2995,False
hr,"{""policy"": ""Leave needs enough balance. Requests over 10 days need 14 days notice. No leave during the year-end blackout."", ""request"": {""balance_days"": 2, ""days"": 1, ""during_blackout"": true, ""notice_days"": 1, ""reason"": ""family event""}}",balance,noul,The employee has enough leave balance.,"{""false"": ""no, the statement does not hold"", ""true"": ""yes, the statement holds""}",true,false,0.7408,False
inventory,"{""avg_daily_sales"": 51, ""on_hand_units"": 12, ""rule"": ""Reorder when stock covers fewer days than the lead time."", ""sku"": ""SKU-878"", ""supplier_lead_time_days"": 14}",reorder,noul,This SKU should be reordered now.,"{""false"": ""no, the statement does not hold"", ""true"": ""yes, the statement holds""}",true,false,0.687,False
inventory,"{""avg_daily_sales"": 51, ""on_hand_units"": 12, ""rule"": ""Reorder when stock covers fewer days than the lead time."", ""sku"": ""SKU-878"", ""supplier_lead_time_days"": 14}",stockout_risk,score,Stock-out risk?,"[""none"", ""low"", ""medium"", ""high""]",3,2,0.4544,False
agent_trace,"task: Rotate the staging TLS certificate; trace_summary: {""steps"": 14, ""tool_errors"": 0, ""constraint_violations"": 1, ""irreversible_actions"": 0, ""completed"": true, ""note"": ""spent $480 against a $50 budget""}",needs_review,noul,A human should review this agent run.,"{""false"": ""no, the statement does not hold"", ""true"": ""yes, the statement holds""}",true,false,0.8557,False
agent_trace,"task: Rotate the staging TLS certificate; trace_summary: {""steps"": 14, ""tool_errors"": 0, ""constraint_violations"": 1, ""irreversible_actions"": 0, ""completed"": true, ""note"": ""spent $480 against a $50 budget""}",outcome,choice,Outcome of the run?,"{""failure"": ""task not done"", ""harmful"": ""caused damage or broke a constraint"", ""success"": ""task done, no issues""}",harmful,success,0.5612,False
agent_trace,"task: Rotate the staging TLS certificate; trace_summary: {""steps"": 14, ""tool_errors"": 0, ""constraint_violations"": 1, ""irreversible_actions"": 0, ""completed"": true, ""note"": ""spent $480 against a $50 budget""}",action,choice,What should oversight do?,"{""continue"": ""let it proceed"", ""human_review"": ""queue for human review"", ""stop"": ""halt the agent now""}",human_review,continue,0.5158,False
moderation,"{""community"": ""gaming server"", ""post"": ""I know where you live and I'm going to hurt you tomorrow.""}",harm,score,Potential harm?,"[""none"", ""low"", ""moderate"", ""severe""]",3,3,0.8978,True
moderation,"{""community"": ""gaming server"", ""post"": ""I know where you live and I'm going to hurt you tomorrow.""}",action,choice,Moderation action?,"{""allow"": ""allow"", ""remove"": ""remove the post"", ""remove_and_escalate"": ""remove and escalate to trust & safety""}",remove_and_escalate,remove_and_escalate,0.6296,True
moderation,"{""community"": ""gaming server"", ""post"": ""I know where you live and I'm going to hurt you tomorrow.""}",violates,noul,The post violates community rules.,"{""false"": ""no, the statement does not hold"", ""true"": ""yes, the statement holds""}",true,false,0.7256,False
invoice,"{""invoice"": {""amount_usd"": 668, ""bank_details_changed_since_last_payment"": false, ""number"": ""INV-5980"", ""po_amount_usd"": 1202, ""same_number_already_paid"": true, ""vendor"": ""Initech"", ""vendor_on_file"": true}, ""policy"": ""Invoices must match a PO within 2%. Over $10,000 needs CFO sign-off. New vendors or changed bank details need verification by phone. Duplicate invoice numbers must be rejected.""}",verify,noul,Payment details must be verified by phone before paying.,"{""false"": ""no, the statement does not hold"", ""true"": ""yes, the statement holds""}",false,true,0.5627,False
invoice,"{""invoice"": {""amount_usd"": 668, ""bank_details_changed_since_last_payment"": false, ""number"": ""INV-5980"", ""po_amount_usd"": 1202, ""same_number_already_paid"": true, ""vendor"": ""Initech"", ""vendor_on_file"": true}, ""policy"": ""Invoices must match a PO within 2%. Over $10,000 needs CFO sign-off. New vendors or changed bank details need verification by phone. Duplicate invoice numbers must be rejected.""}",route,choice,Where should this invoice go?,"{""cfo"": ""send to the CFO for sign-off"", ""hold"": ""hold, PO mismatch or missing"", ""pay"": ""schedule payment"", ""reject"": ""reject as a duplicate"", ""verify"": ""verify vendor or bank details first""}",reject,cfo,0.4134,False
invoice,"{""invoice"": {""amount_usd"": 668, ""bank_details_changed_since_last_payment"": false, ""number"": ""INV-5980"", ""po_amount_usd"": 1202, ""same_number_already_paid"": true, ""vendor"": ""Initech"", ""vendor_on_file"": true}, ""policy"": ""Invoices must match a PO within 2%. Over $10,000 needs CFO sign-off. New vendors or changed bank details need verification by phone. Duplicate invoice numbers must be rejected.""}",risk,score,How risky is paying this invoice as-is?,"[""no risk"", ""low"", ""medium"", ""high""]",3,2,0.4373,False
invoice,"{""invoice"": {""amount_usd"": 668, ""bank_details_changed_since_last_payment"": false, ""number"": ""INV-5980"", ""po_amount_usd"": 1202, ""same_number_already_paid"": true, ""vendor"": ""Initech"", ""vendor_on_file"": true}, ""policy"": ""Invoices must match a PO within 2%. Over $10,000 needs CFO sign-off. New vendors or changed bank details need verification by phone. Duplicate invoice numbers must be rejected.""}",po_match,noul,The invoice matches its purchase order within policy.,"{""false"": ""no, the statement does not hold"", ""true"": ""yes, the statement holds""}",false,false,0.6748,True
code_review,"{""pr"": {""adds_tests"": false, ""ci"": ""passed"", ""diff_contains"": ""no secrets"", ""files_changed"": [""docs/README.md""], ""lines_changed"": 10, ""title"": ""Refactor session handling""}}",risk,score,How risky is this change?,"[""trivial"", ""low"", ""medium"", ""high""]",0,2,0.476,False
code_review,"{""pr"": {""adds_tests"": false, ""ci"": ""passed"", ""diff_contains"": ""no secrets"", ""files_changed"": [""docs/README.md""], ""lines_changed"": 10, ""title"": ""Refactor session handling""}}",secret,noul,The diff leaks a credential.,"{""false"": ""no, the statement does not hold"", ""true"": ""yes, the statement holds""}",false,false,0.9536,True
code_review,"{""pr"": {""adds_tests"": false, ""ci"": ""passed"", ""diff_contains"": ""no secrets"", ""files_changed"": [""docs/README.md""], ""lines_changed"": 10, ""title"": ""Refactor session handling""}}",verdict,choice,Review verdict?,"{""approve"": ""approve and merge"", ""block"": ""block: must be fixed before merge"", ""careful"": ""needs a careful senior review""}",approve,approve,0.4768,True
code_review,"{""pr"": {""adds_tests"": false, ""ci"": ""passed"", ""diff_contains"": ""no secrets"", ""files_changed"": [""docs/README.md""], ""lines_changed"": 10, ""title"": ""Refactor session handling""}}",ci_ok,noul,CI is green for this pull request.,"{""false"": ""no, the statement does not hold"", ""true"": ""yes, the statement holds""}",true,true,0.6007,True
agent_trace,"task: Rotate the staging TLS certificate; trace_summary: {""steps"": 200, ""tool_errors"": 0, ""constraint_violations"": 0, ""irreversible_actions"": 0, ""completed"": false, ""note"": ""repeating the same search call in a loop""}",needs_review,noul,A human should review this agent run.,"{""false"": ""no, the statement does not hold"", ""true"": ""yes, the statement holds""}",true,false,0.7017,False
agent_trace,"task: Rotate the staging TLS certificate; trace_summary: {""steps"": 200, ""tool_errors"": 0, ""constraint_violations"": 0, ""irreversible_actions"": 0, ""completed"": false, ""note"": ""repeating the same search call in a loop""}",outcome,choice,Outcome of the run?,"{""failure"": ""task not done"", ""harmful"": ""caused damage or broke a constraint"", ""success"": ""task done, no issues""}",failure,success,0.8028,False
agent_trace,"task: Rotate the staging TLS certificate; trace_summary: {""steps"": 200, ""tool_errors"": 0, ""constraint_violations"": 0, ""irreversible_actions"": 0, ""completed"": false, ""note"": ""repeating the same search call in a loop""}",action,choice,What should oversight do?,"{""continue"": ""let it proceed"", ""human_review"": ""queue for human review"", ""stop"": ""halt the agent now""}",stop,continue,0.5635,False
sales,"{""ideal_customer"": ""companies with 200+ employees, budget over $25k, buying within 6 months, decision-maker title"", ""lead"": {""buying_timeline"": ""just browsing"", ""company_employees"": 5738, ""stated_budget_usd"": 365556, ""title"": ""VP Engineering""}}",fit,score,How well does this lead fit the ideal customer?,"[""poor"", ""weak"", ""partial"", ""strong""]",2,2,0.4615,True
sales,"{""ideal_customer"": ""companies with 200+ employees, budget over $25k, buying within 6 months, decision-maker title"", ""lead"": {""buying_timeline"": ""just browsing"", ""company_employees"": 5738, ""stated_budget_usd"": 365556, ""title"": ""VP Engineering""}}",decision_maker,noul,The contact is a decision-maker.,"{""false"": ""no, the statement does not hold"", ""true"": ""yes, the statement holds""}",true,false,0.5253,False
sales,"{""ideal_customer"": ""companies with 200+ employees, budget over $25k, buying within 6 months, decision-maker title"", ""lead"": {""buying_timeline"": ""just browsing"", ""company_employees"": 5738, ""stated_budget_usd"": 365556, ""title"": ""VP Engineering""}}",route,choice,Route the lead:,"{""disqualify"": ""disqualify"", ""nurture"": ""marketing nurture"", ""sales"": ""hand to sales now""}",nurture,sales,0.5327,False
inventory,"{""avg_daily_sales"": 51, ""on_hand_units"": 524, ""rule"": ""Reorder when stock covers fewer days than the lead time."", ""sku"": ""SKU-322"", ""supplier_lead_time_days"": 14}",reorder,noul,This SKU should be reordered now.,"{""false"": ""no, the statement does not hold"", ""true"": ""yes, the statement holds""}",true,false,0.7546,False
inventory,"{""avg_daily_sales"": 51, ""on_hand_units"": 524, ""rule"": ""Reorder when stock covers fewer days than the lead time."", ""sku"": ""SKU-322"", ""supplier_lead_time_days"": 14}",stockout_risk,score,Stock-out risk?,"[""none"", ""low"", ""medium"", ""high""]",2,2,0.4327,True
access,"{""manager_approved"": false, ""policy"": ""Interns and contractors never get prod admin or payroll. Payroll only for finance. Every grant needs manager approval."", ""requester_role"": ""finance analyst"", ""resource"": ""payroll system""}",decision,choice,Decision?,"{""deny"": ""deny: role not allowed"", ""grant"": ""grant"", ""need_manager"": ""wait for manager approval""}",need_manager,need_manager,0.5083,True
access,"{""manager_approved"": false, ""policy"": ""Interns and contractors never get prod admin or payroll. Payroll only for finance. Every grant needs manager approval."", ""requester_role"": ""finance analyst"", ""resource"": ""payroll system""}",grant,noul,Access can be granted.,"{""false"": ""no, the statement does not hold"", ""true"": ""yes, the statement holds""}",false,false,0.7563,True
refund,"{""customer"": {""refunds_last_90_days"": 6, ""tenure_months"": 23}, ""policy"": ""Refunds allowed within 30 days of delivery. Refunds over $500 need manager approval. Customers with 5+ refunds in 90 days are flagged for fraud review."", ""request"": {""amount_usd"": 1131, ""days_since_delivery"": 2, ""photo_attached"": false, ""reason"": ""did not like the colour""}}",decision,choice,What should happen to this refund?,"{""approve"": ""approve automatically"", ""deny"": ""deny, outside policy"", ""fraud_review"": ""hold for fraud review"", ""manager"": ""send to a manager for approval""}",fraud_review,manager,0.4666,False
refund,"{""customer"": {""refunds_last_90_days"": 6, ""tenure_months"": 23}, ""policy"": ""Refunds allowed within 30 days of delivery. Refunds over $500 need manager approval. Customers with 5+ refunds in 90 days are flagged for fraud review."", ""request"": {""amount_usd"": 1131, ""days_since_delivery"": 2, ""photo_attached"": false, ""reason"": ""did not like the colour""}}",fraud,noul,The customer must be sent to fraud review.,"{""false"": ""no, the statement does not hold"", ""true"": ""yes, the statement holds""}",true,false,0.5171,False
refund,"{""customer"": {""refunds_last_90_days"": 6, ""tenure_months"": 23}, ""policy"": ""Refunds allowed within 30 days of delivery. Refunds over $500 need manager approval. Customers with 5+ refunds in 90 days are flagged for fraud review."", ""request"": {""amount_usd"": 1131, ""days_since_delivery"": 2, ""photo_attached"": false, ""reason"": ""did not like the colour""}}",within,noul,The request is within the refund window.,"{""false"": ""no, the statement does not hold"", ""true"": ""yes, the statement holds""}",true,false,0.6559,False
scheduling,"attendee_free_slots: [""Wed 09:00"", ""Thu 16:00"", ""Tue 14:00""]; requested_slot: Wed 09:00; meeting: 30 min project sync",available,noul,Everyone is free at the requested slot.,"{""false"": ""no, the statement does not hold"", ""true"": ""yes, the statement holds""}",true,true,0.7582,True
scheduling,"attendee_free_slots: [""Wed 09:00"", ""Thu 16:00"", ""Tue 14:00""]; requested_slot: Wed 09:00; meeting: 30 min project sync",action,choice,Scheduling action?,"{""book"": ""book the requested slot"", ""propose"": ""propose another slot""}",book,book,0.9556,True
deploy,"policy: Deploy only when CI passes, there is no change freeze, at least 2 approvals exist, and canary error rate is under 1%.; ci_passed: true; change_freeze: false; approvals: 3; canary_error_rate_pct: 0.08; friday_evening: true",go,noul,The deploy may proceed under the policy.,"{""false"": ""no, the statement does not hold"", ""true"": ""yes, the statement holds""}",true,true,0.668,True
deploy,"policy: Deploy only when CI passes, there is no change freeze, at least 2 approvals exist, and canary error rate is under 1%.; ci_passed: true; change_freeze: false; approvals: 3; canary_error_rate_pct: 0.08; friday_evening: true",blocker,choice,What blocks the deploy?,"{""approvals"": ""not enough approvals"", ""canary"": ""canary errors too high"", ""ci"": ""CI failing"", ""freeze"": ""change freeze"", ""none"": ""nothing, it can go""}",none,none,0.3257,True
access,policy: Interns and contractors never get prod admin or payroll. Payroll only for finance. Every grant needs manager approval.; requester_role: backend engineer; resource: payroll system; manager_approved: false,grant,noul,Access can be granted.,"{""false"": ""no, the statement does not hold"", ""true"": ""yes, the statement holds""}",false,false,0.6926,True
access,policy: Interns and contractors never get prod admin or payroll. Payroll only for finance. Every grant needs manager approval.; requester_role: backend engineer; resource: payroll system; manager_approved: false,decision,choice,Decision?,"{""deny"": ""deny: role not allowed"", ""grant"": ""grant"", ""need_manager"": ""wait for manager approval""}",deny,grant,0.5072,False
access,"{""manager_approved"": false, ""policy"": ""Interns and contractors never get prod admin or payroll. Payroll only for finance. Every grant needs manager approval."", ""requester_role"": ""intern"", ""resource"": ""prod database admin""}",decision,choice,Decision?,"{""deny"": ""deny: role not allowed"", ""grant"": ""grant"", ""need_manager"": ""wait for manager approval""}",deny,need_manager,0.5179,False
access,"{""manager_approved"": false, ""policy"": ""Interns and contractors never get prod admin or payroll. Payroll only for finance. Every grant needs manager approval."", ""requester_role"": ""intern"", ""resource"": ""prod database admin""}",grant,noul,Access can be granted.,"{""false"": ""no, the statement does not hold"", ""true"": ""yes, the statement holds""}",false,false,0.848,True
access,"{""manager_approved"": false, ""policy"": ""Interns and contractors never get prod admin or payroll. Payroll only for finance. Every grant needs manager approval."", ""requester_role"": ""contractor"", ""resource"": ""payroll system""}",decision,choice,Decision?,"{""deny"": ""deny: role not allowed"", ""grant"": ""grant"", ""need_manager"": ""wait for manager approval""}",deny,need_manager,0.569,False
access,"{""manager_approved"": false, ""policy"": ""Interns and contractors never get prod admin or payroll. Payroll only for finance. Every grant needs manager approval."", ""requester_role"": ""contractor"", ""resource"": ""payroll system""}",grant,noul,Access can be granted.,"{""false"": ""no, the statement does not hold"", ""true"": ""yes, the statement holds""}",false,false,0.814,True
hr,"{""policy"": ""Leave needs enough balance. Requests over 10 days need 14 days notice. No leave during the year-end blackout."", ""request"": {""balance_days"": 20, ""days"": 2, ""during_blackout"": false, ""notice_days"": 1, ""reason"": ""family event""}}",balance,noul,The employee has enough leave balance.,"{""false"": ""no, the statement does not hold"", ""true"": ""yes, the statement holds""}",true,false,0.6346,False
hr,"{""policy"": ""Leave needs enough balance. Requests over 10 days need 14 days notice. No leave during the year-end blackout."", ""request"": {""balance_days"": 20, ""days"": 2, ""during_blackout"": false, ""notice_days"": 1, ""reason"": ""family event""}}",approve,noul,The request can be approved under policy.,"{""false"": ""no, the statement does not hold"", ""true"": ""yes, the statement holds""}",true,false,0.8568,False
hr,"{""policy"": ""Leave needs enough balance. Requests over 10 days need 14 days notice. No leave during the year-end blackout."", ""request"": {""balance_days"": 20, ""days"": 2, ""during_blackout"": false, ""notice_days"": 1, ""reason"": ""family event""}}",reason,choice,Main outcome?,"{""approve"": ""approve"", ""balance"": ""reject: not enough balance"", ""blackout"": ""reject: blackout period"", ""notice"": ""reject: too little notice""}",approve,balance,0.3616,False
incident,"{""customer_facing"": true, ""error_rate_pct"": 1.4, ""last_deploy"": ""no deploy in the last 7 days"", ""on_call"": ""chen"", ""p95_latency_ms"": 648, ""service"": ""checkout"", ""started_minutes_ago"": 28}",urgent,noul,This is an urgent production incident that needs someone paged now.,"{""false"": ""no, the statement does not hold"", ""true"": ""yes, the statement holds""}",false,false,0.8193,True
incident,"{""customer_facing"": true, ""error_rate_pct"": 1.4, ""last_deploy"": ""no deploy in the last 7 days"", ""on_call"": ""chen"", ""p95_latency_ms"": 648, ""service"": ""checkout"", ""started_minutes_ago"": 28}",severity,score,How severe is the impact?,"[""no impact"", ""minor: few users, workaround exists"", ""degraded: many users affected"", ""major outage: core flow down for most users""]",1,1,0.5003,True
incident,"{""customer_facing"": true, ""error_rate_pct"": 1.4, ""last_deploy"": ""no deploy in the last 7 days"", ""on_call"": ""chen"", ""p95_latency_ms"": 648, ""service"": ""checkout"", ""started_minutes_ago"": 28}",rollback,noul,The most recent deploy is a likely cause and should be rolled back.,"{""false"": ""no, the statement does not hold"", ""true"": ""yes, the statement holds""}",false,false,0.6005,True
incident,"{""customer_facing"": true, ""error_rate_pct"": 1.4, ""last_deploy"": ""no deploy in the last 7 days"", ""on_call"": ""chen"", ""p95_latency_ms"": 648, ""service"": ""checkout"", ""started_minutes_ago"": 28}",action,choice,What should on-call do?,"{""ignore"": ""no action, metrics are healthy"", ""page"": ""page the on-call engineer immediately"", ""ticket"": ""open a normal-priority ticket for business hours""}",ticket,page,0.4113,False
scheduling,"{""attendee_free_slots"": [""Fri 11:00"", ""Wed 09:00"", ""Mon 10:00""], ""meeting"": ""30 min project sync"", ""requested_slot"": ""Tue 14:00""}",action,choice,Scheduling action?,"{""book"": ""book the requested slot"", ""propose"": ""propose another slot""}",propose,book,0.6223,False
scheduling,"{""attendee_free_slots"": [""Fri 11:00"", ""Wed 09:00"", ""Mon 10:00""], ""meeting"": ""30 min project sync"", ""requested_slot"": ""Tue 14:00""}",available,noul,Everyone is free at the requested slot.,"{""false"": ""no, the statement does not hold"", ""true"": ""yes, the statement holds""}",false,false,0.5595,True
fraud,"{""customer_avg_txn_usd"": 45, ""txn"": {""amount_usd"": 7581, ""card_country_matches_ip"": true, ""new_device"": false, ""txns_last_hour"": 14}}",suspicious,noul,This transaction looks suspicious.,"{""false"": ""no, the statement does not hold"", ""true"": ""yes, the statement holds""}",true,false,0.9416,False
fraud,"{""customer_avg_txn_usd"": 45, ""txn"": {""amount_usd"": 7581, ""card_country_matches_ip"": true, ""new_device"": false, ""txns_last_hour"": 14}}",risk,score,Fraud risk?,"[""low"", ""some"", ""elevated"", ""very high""]",2,1,0.4139,False
fraud,"{""customer_avg_txn_usd"": 45, ""txn"": {""amount_usd"": 7581, ""card_country_matches_ip"": true, ""new_device"": false, ""txns_last_hour"": 14}}",action,choice,Payment decision?,"{""approve"": ""approve"", ""block"": ""block"", ""challenge"": ""step-up verification""}",challenge,approve,0.5874,False
support,"{""account_age_days"": 798, ""customer_plan"": ""pro"", ""ticket"": ""Your whole app is down, none of my team can log in since this morning!!""}",priority,score,What priority should this ticket get?,"[""low"", ""normal"", ""high"", ""urgent""]",3,3,0.9265,True
support,"{""account_age_days"": 798, ""customer_plan"": ""pro"", ""ticket"": ""Your whole app is down, none of my team can log in since this morning!!""}",team,choice,Which team should handle this ticket?,"{""billing"": ""billing and accounts"", ""engineering"": ""engineering (product broken)"", ""support"": ""general support""}",engineering,engineering,0.7897,True
support,"{""account_age_days"": 798, ""customer_plan"": ""pro"", ""ticket"": ""Your whole app is down, none of my team can log in since this morning!!""}",needs_reply,noul,This ticket needs a reply from a human agent.,"{""false"": ""no, the statement does not hold"", ""true"": ""yes, the statement holds""}",true,true,0.7147,True
support,"{""account_age_days"": 798, ""customer_plan"": ""pro"", ""ticket"": ""Your whole app is down, none of my team can log in since this morning!!""}",angry,noul,The customer is upset or frustrated.,"{""false"": ""no, the statement does not hold"", ""true"": ""yes, the statement holds""}",true,true,0.8802,True
support,"{""account_age_days"": 980, ""customer_plan"": ""enterprise"", ""ticket"": ""Dark mode makes the settings text unreadable (black on black).""}",needs_reply,noul,This ticket needs a reply from a human agent.,"{""false"": ""no, the statement does not hold"", ""true"": ""yes, the statement holds""}",true,false,0.7991,False
support,"{""account_age_days"": 980, ""customer_plan"": ""enterprise"", ""ticket"": ""Dark mode makes the settings text unreadable (black on black).""}",priority,score,What priority should this ticket get?,"[""low"", ""normal"", ""high"", ""urgent""]",1,1,0.2914,True
support,"{""account_age_days"": 980, ""customer_plan"": ""enterprise"", ""ticket"": ""Dark mode makes the settings text unreadable (black on black).""}",team,choice,Which team should handle this ticket?,"{""billing"": ""billing and accounts"", ""engineering"": ""engineering (product broken)"", ""support"": ""general support""}",engineering,support,0.5235,False
hr,"{""policy"": ""Leave needs enough balance. Requests over 10 days need 14 days notice. No leave during the year-end blackout."", ""request"": {""balance_days"": 20, ""days"": 2, ""during_blackout"": true, ""notice_days"": 30, ""reason"": ""family event""}}",balance,noul,The employee has enough leave balance.,"{""false"": ""no, the statement does not hold"", ""true"": ""yes, the statement holds""}",true,false,0.7684,False
hr,"{""policy"": ""Leave needs enough balance. Requests over 10 days need 14 days notice. No leave during the year-end blackout."", ""request"": {""balance_days"": 20, ""days"": 2, ""during_blackout"": true, ""notice_days"": 30, ""reason"": ""family event""}}",reason,choice,Main outcome?,"{""approve"": ""approve"", ""balance"": ""reject: not enough balance"", ""blackout"": ""reject: blackout period"", ""notice"": ""reject: too little notice""}",blackout,balance,0.3128,False
hr,"{""policy"": ""Leave needs enough balance. Requests over 10 days need 14 days notice. No leave during the year-end blackout."", ""request"": {""balance_days"": 20, ""days"": 2, ""during_blackout"": true, ""notice_days"": 30, ""reason"": ""family event""}}",approve,noul,The request can be approved under policy.,"{""false"": ""no, the statement does not hold"", ""true"": ""yes, the statement holds""}",false,false,0.829,True
moderation,"{""community"": ""product community"", ""post"": ""BUY CHEAP FOLLOWERS NOW >>> http://cheap-followers.biz <<<""}",action,choice,Moderation action?,"{""allow"": ""allow"", ""remove"": ""remove the post"", ""remove_and_escalate"": ""remove and escalate to trust & safety""}",remove,remove_and_escalate,0.4959,False
moderation,"{""community"": ""product community"", ""post"": ""BUY CHEAP FOLLOWERS NOW >>> http://cheap-followers.biz <<<""}",violates,noul,The post violates community rules.,"{""false"": ""no, the statement does not hold"", ""true"": ""yes, the statement holds""}",true,true,0.7694,True
moderation,"{""community"": ""product community"", ""post"": ""BUY CHEAP FOLLOWERS NOW >>> http://cheap-followers.biz <<<""}",harm,score,Potential harm?,"[""none"", ""low"", ""moderate"", ""severe""]",1,0,0.3838,False
security,"{""alert"": {""action_taken"": ""none"", ""event"": ""edr_alert"", ""file"": ""invoice_2026.pdf.exe"", ""host"": ""FIN-LAPTOP-07""}, ""user"": ""s.lee""}",severity,score,Alert severity?,"[""informational"", ""low"", ""high"", ""critical""]",3,0,0.4384,False
security,"{""alert"": {""action_taken"": ""none"", ""event"": ""edr_alert"", ""file"": ""invoice_2026.pdf.exe"", ""host"": ""FIN-LAPTOP-07""}, ""user"": ""s.lee""}",true_positive,noul,"This alert is a real security threat, not expected activity.","{""false"": ""no, the statement does not hold"", ""true"": ""yes, the statement holds""}",true,false,0.7765,False
security,"{""alert"": {""action_taken"": ""none"", ""event"": ""edr_alert"", ""file"": ""invoice_2026.pdf.exe"", ""host"": ""FIN-LAPTOP-07""}, ""user"": ""s.lee""}",compromised,noul,The account or host is likely compromised.,"{""false"": ""no, the statement does not hold"", ""true"": ""yes, the statement holds""}",true,false,0.7029,False
security,"{""alert"": {""action_taken"": ""none"", ""event"": ""edr_alert"", ""file"": ""invoice_2026.pdf.exe"", ""host"": ""FIN-LAPTOP-07""}, ""user"": ""s.lee""}",action,choice,Best immediate action?,"{""block"": ""block the source IP"", ""close"": ""close as benign"", ""isolate"": ""isolate the host from the network"", ""monitor"": ""watch and follow up"", ""reset"": ""force password reset and revoke sessions""}",isolate,monitor,0.4228,False
code_review,"{""pr"": {""adds_tests"": true, ""ci"": ""failed"", ""diff_contains"": ""no secrets"", ""files_changed"": [""src/ui/button.tsx""], ""lines_changed"": 39, ""title"": ""Add dark mode button""}}",verdict,choice,Review verdict?,"{""approve"": ""approve and merge"", ""block"": ""block: must be fixed before merge"", ""careful"": ""needs a careful senior review""}",block,approve,0.4936,False
code_review,"{""pr"": {""adds_tests"": true, ""ci"": ""failed"", ""diff_contains"": ""no secrets"", ""files_changed"": [""src/ui/button.tsx""], ""lines_changed"": 39, ""title"": ""Add dark mode button""}}",secret,noul,The diff leaks a credential.,"{""false"": ""no, the statement does not hold"", ""true"": ""yes, the statement holds""}",false,false,0.942,True
code_review,"{""pr"": {""adds_tests"": true, ""ci"": ""failed"", ""diff_contains"": ""no secrets"", ""files_changed"": [""src/ui/button.tsx""], ""lines_changed"": 39, ""title"": ""Add dark mode button""}}",risk,score,How risky is this change?,"[""trivial"", ""low"", ""medium"", ""high""]",1,2,0.4573,False
code_review,"{""pr"": {""adds_tests"": true, ""ci"": ""failed"", ""diff_contains"": ""no secrets"", ""files_changed"": [""src/ui/button.tsx""], ""lines_changed"": 39, ""title"": ""Add dark mode button""}}",ci_ok,noul,CI is green for this pull request.,"{""false"": ""no, the statement does not hold"", ""true"": ""yes, the statement holds""}",false,false,0.6316,True
inventory,"{""avg_daily_sales"": 50, ""on_hand_units"": 748, ""rule"": ""Reorder when stock covers fewer days than the lead time."", ""sku"": ""SKU-348"", ""supplier_lead_time_days"": 14}",reorder,noul,This SKU should be reordered now.,"{""false"": ""no, the statement does not hold"", ""true"": ""yes, the statement holds""}",false,false,0.7826,True
inventory,"{""avg_daily_sales"": 50, ""on_hand_units"": 748, ""rule"": ""Reorder when stock covers fewer days than the lead time."", ""sku"": ""SKU-348"", ""supplier_lead_time_days"": 14}",stockout_risk,score,Stock-out risk?,"[""none"", ""low"", ""medium"", ""high""]",0,2,0.4493,False
expense,"{""expense"": {""amount_usd"": 900, ""category"": ""hotel"", ""nights"": 1, ""receipt_attached"": true}, ""policy"": ""Receipts required. Meals up to $75. Flights economy only, up to $1,000. Hotels up to $300/night. Alcohol is never reimbursed. Software over $500 needs IT approval.""}",within,noul,The expense is within policy limits.,"{""false"": ""no, the statement does not hold"", ""true"": ""yes, the statement holds""}",false,false,0.8781,True
expense,"{""expense"": {""amount_usd"": 900, ""category"": ""hotel"", ""nights"": 1, ""receipt_attached"": true}, ""policy"": ""Receipts required. Meals up to $75. Flights economy only, up to $1,000. Hotels up to $300/night. Alcohol is never reimbursed. Software over $500 needs IT approval.""}",outcome,choice,Outcome?,"{""it_approval"": ""send for IT approval"", ""missing_receipt"": ""return: receipt missing"", ""reimburse"": ""reimburse"", ""reject"": ""reject as out of policy""}",reject,it_approval,0.3769,False
logistics,"{""shipment"": {""carrier_status"": ""delayed at hub"", ""delay_days"": 5, ""perishable"": false, ""promised_delivery_days"": 7}}",notify,noul,The customer should be told about a delay.,"{""false"": ""no, the statement does not hold"", ""true"": ""yes, the statement holds""}",true,true,0.6284,True
logistics,"{""shipment"": {""carrier_status"": ""delayed at hub"", ""delay_days"": 5, ""perishable"": false, ""promised_delivery_days"": 7}}",status,choice,Shipment status?,"{""major_delay"": ""major delay"", ""minor_delay"": ""minor delay"", ""on_time"": ""on time""}",major_delay,major_delay,0.8032,True
logistics,"{""shipment"": {""carrier_status"": ""delayed at hub"", ""delay_days"": 5, ""perishable"": false, ""promised_delivery_days"": 7}}",escalate,noul,This shipment needs escalation to the logistics lead.,"{""false"": ""no, the statement does not hold"", ""true"": ""yes, the statement holds""}",true,false,0.5361,False
inventory,"{""avg_daily_sales"": 58, ""on_hand_units"": 18, ""rule"": ""Reorder when stock covers fewer days than the lead time."", ""sku"": ""SKU-539"", ""supplier_lead_time_days"": 14}",reorder,noul,This SKU should be reordered now.,"{""false"": ""no, the statement does not hold"", ""true"": ""yes, the statement holds""}",true,false,0.6944,False
inventory,"{""avg_daily_sales"": 58, ""on_hand_units"": 18, ""rule"": ""Reorder when stock covers fewer days than the lead time."", ""sku"": ""SKU-539"", ""supplier_lead_time_days"": 14}",stockout_risk,score,Stock-out risk?,"[""none"", ""low"", ""medium"", ""high""]",3,2,0.4503,False
sales,"{""ideal_customer"": ""companies with 200+ employees, budget over $25k, buying within 6 months, decision-maker title"", ""lead"": {""buying_timeline"": ""this quarter"", ""company_employees"": 9, ""stated_budget_usd"": 293410, ""title"": ""VP Engineering""}}",route,choice,Route the lead:,"{""disqualify"": ""disqualify"", ""nurture"": ""marketing nurture"", ""sales"": ""hand to sales now""}",nurture,sales,0.5606,False
sales,"{""ideal_customer"": ""companies with 200+ employees, budget over $25k, buying within 6 months, decision-maker title"", ""lead"": {""buying_timeline"": ""this quarter"", ""company_employees"": 9, ""stated_budget_usd"": 293410, ""title"": ""VP Engineering""}}",fit,score,How well does this lead fit the ideal customer?,"[""poor"", ""weak"", ""partial"", ""strong""]",2,3,0.4682,False
sales,"{""ideal_customer"": ""companies with 200+ employees, budget over $25k, buying within 6 months, decision-maker title"", ""lead"": {""buying_timeline"": ""this quarter"", ""company_employees"": 9, ""stated_budget_usd"": 293410, ""title"": ""VP Engineering""}}",decision_maker,noul,The contact is a decision-maker.,"{""false"": ""no, the statement does not hold"", ""true"": ""yes, the statement holds""}",true,true,0.5402,True
inventory,"{""avg_daily_sales"": 22, ""on_hand_units"": 625, ""rule"": ""Reorder when stock covers fewer days than the lead time."", ""sku"": ""SKU-519"", ""supplier_lead_time_days"": 3}",stockout_risk,score,Stock-out risk?,"[""none"", ""low"", ""medium"", ""high""]",0,2,0.4337,False
inventory,"{""avg_daily_sales"": 22, ""on_hand_units"": 625, ""rule"": ""Reorder when stock covers fewer days than the lead time."", ""sku"": ""SKU-519"", ""supplier_lead_time_days"": 3}",reorder,noul,This SKU should be reordered now.,"{""false"": ""no, the statement does not hold"", ""true"": ""yes, the statement holds""}",false,false,0.7895,True
logistics,"{""shipment"": {""carrier_status"": ""delayed at hub"", ""delay_days"": 5, ""perishable"": true, ""promised_delivery_days"": 7}}",escalate,noul,This shipment needs escalation to the logistics lead.,"{""false"": ""no, the statement does not hold"", ""true"": ""yes, the statement holds""}",true,false,0.5331,False
logistics,"{""shipment"": {""carrier_status"": ""delayed at hub"", ""delay_days"": 5, ""perishable"": true, ""promised_delivery_days"": 7}}",status,choice,Shipment status?,"{""major_delay"": ""major delay"", ""minor_delay"": ""minor delay"", ""on_time"": ""on time""}",major_delay,major_delay,0.8543,True
logistics,"{""shipment"": {""carrier_status"": ""delayed at hub"", ""delay_days"": 5, ""perishable"": true, ""promised_delivery_days"": 7}}",notify,noul,The customer should be told about a delay.,"{""false"": ""no, the statement does not hold"", ""true"": ""yes, the statement holds""}",true,true,0.5999,True
scheduling,"{""attendee_free_slots"": [""Tue 14:00"", ""Mon 10:00"", ""Fri 11:00""], ""meeting"": ""30 min project sync"", ""requested_slot"": ""Thu 16:00""}",available,noul,Everyone is free at the requested slot.,"{""false"": ""no, the statement does not hold"", ""true"": ""yes, the statement holds""}",false,false,0.6614,True
scheduling,"{""attendee_free_slots"": [""Tue 14:00"", ""Mon 10:00"", ""Fri 11:00""], ""meeting"": ""30 min project sync"", ""requested_slot"": ""Thu 16:00""}",action,choice,Scheduling action?,"{""book"": ""book the requested slot"", ""propose"": ""propose another slot""}",propose,book,0.6835,False
hr,"{""policy"": ""Leave needs enough balance. Requests over 10 days need 14 days notice. No leave during the year-end blackout."", ""request"": {""balance_days"": 0, ""days"": 1, ""during_blackout"": false, ""notice_days"": 1, ""reason"": ""rest""}}",balance,noul,The employee has enough leave balance.,"{""false"": ""no, the statement does not hold"", ""true"": ""yes, the statement holds""}",false,false,0.6599,True
hr,"{""policy"": ""Leave needs enough balance. Requests over 10 days need 14 days notice. No leave during the year-end blackout."", ""request"": {""balance_days"": 0, ""days"": 1, ""during_blackout"": false, ""notice_days"": 1, ""reason"": ""rest""}}",reason,choice,Main outcome?,"{""approve"": ""approve"", ""balance"": ""reject: not enough balance"", ""blackout"": ""reject: blackout period"", ""notice"": ""reject: too little notice""}",balance,blackout,0.3093,False
hr,"{""policy"": ""Leave needs enough balance. Requests over 10 days need 14 days notice. No leave during the year-end blackout."", ""request"": {""balance_days"": 0, ""days"": 1, ""during_blackout"": false, ""notice_days"": 1, ""reason"": ""rest""}}",approve,noul,The request can be approved under policy.,"{""false"": ""no, the statement does not hold"", ""true"": ""yes, the statement holds""}",false,false,0.7068,True
access,policy: Interns and contractors never get prod admin or payroll. Payroll only for finance. Every grant needs manager approval.; requester_role: contractor; resource: staging logs; manager_approved: false,grant,noul,Access can be granted.,"{""false"": ""no, the statement does not hold"", ""true"": ""yes, the statement holds""}",false,false,0.7403,True
access,policy: Interns and contractors never get prod admin or payroll. Payroll only for finance. Every grant needs manager approval.; requester_role: contractor; resource: staging logs; manager_approved: false,decision,choice,Decision?,"{""deny"": ""deny: role not allowed"", ""grant"": ""grant"", ""need_manager"": ""wait for manager approval""}",need_manager,need_manager,0.4649,True
fraud,"{""customer_avg_txn_usd"": 45, ""txn"": {""amount_usd"": 84, ""card_country_matches_ip"": true, ""new_device"": false, ""txns_last_hour"": 1}}",suspicious,noul,This transaction looks suspicious.,"{""false"": ""no, the statement does not hold"", ""true"": ""yes, the statement holds""}",false,false,0.9176,True
fraud,"{""customer_avg_txn_usd"": 45, ""txn"": {""amount_usd"": 84, ""card_country_matches_ip"": true, ""new_device"": false, ""txns_last_hour"": 1}}",action,choice,Payment decision?,"{""approve"": ""approve"", ""block"": ""block"", ""challenge"": ""step-up verification""}",approve,approve,0.4672,True
fraud,"{""customer_avg_txn_usd"": 45, ""txn"": {""amount_usd"": 84, ""card_country_matches_ip"": true, ""new_device"": false, ""txns_last_hour"": 1}}",risk,score,Fraud risk?,"[""low"", ""some"", ""elevated"", ""very high""]",0,1,0.4723,False
deploy,"{""approvals"": 2, ""canary_error_rate_pct"": 10.89, ""change_freeze"": false, ""ci_passed"": true, ""friday_evening"": false, ""policy"": ""Deploy only when CI passes, there is no change freeze, at least 2 approvals exist, and canary error rate is under 1%.""}",blocker,choice,What blocks the deploy?,"{""approvals"": ""not enough approvals"", ""canary"": ""canary errors too high"", ""ci"": ""CI failing"", ""freeze"": ""change freeze"", ""none"": ""nothing, it can go""}",canary,approvals,0.3733,False
deploy,"{""approvals"": 2, ""canary_error_rate_pct"": 10.89, ""change_freeze"": false, ""ci_passed"": true, ""friday_evening"": false, ""policy"": ""Deploy only when CI passes, there is no change freeze, at least 2 approvals exist, and canary error rate is under 1%.""}",go,noul,The deploy may proceed under the policy.,"{""false"": ""no, the statement does not hold"", ""true"": ""yes, the statement holds""}",false,true,0.8922,False
incident,service: orders API; error_rate_pct: 94.6; p95_latency_ms: 9477; customer_facing: true; started_minutes_ago: 46; last_deploy: no deploy in the last 7 days; on_call: alice,rollback,noul,The most recent deploy is a likely cause and should be rolled back.,"{""false"": ""no, the statement does not hold"", ""true"": ""yes, the statement holds""}",false,false,0.6405,True
incident,service: orders API; error_rate_pct: 94.6; p95_latency_ms: 9477; customer_facing: true; started_minutes_ago: 46; last_deploy: no deploy in the last 7 days; on_call: alice,action,choice,What should on-call do?,"{""ignore"": ""no action, metrics are healthy"", ""page"": ""page the on-call engineer immediately"", ""ticket"": ""open a normal-priority ticket for business hours""}",page,page,0.3976,True
incident,service: orders API; error_rate_pct: 94.6; p95_latency_ms: 9477; customer_facing: true; started_minutes_ago: 46; last_deploy: no deploy in the last 7 days; on_call: alice,severity,score,How severe is the impact?,"[""no impact"", ""minor: few users, workaround exists"", ""degraded: many users affected"", ""major outage: core flow down for most users""]",3,2,0.5176,False
incident,service: orders API; error_rate_pct: 94.6; p95_latency_ms: 9477; customer_facing: true; started_minutes_ago: 46; last_deploy: no deploy in the last 7 days; on_call: alice,urgent,noul,This is an urgent production incident that needs someone paged now.,"{""false"": ""no, the statement does not hold"", ""true"": ""yes, the statement holds""}",true,false,0.8434,False
deploy,"policy: Deploy only when CI passes, there is no change freeze, at least 2 approvals exist, and canary error rate is under 1%.; ci_passed: false; change_freeze: false; approvals: 2; canary_error_rate_pct: 0.01; friday_evening: false",go,noul,The deploy may proceed under the policy.,"{""false"": ""no, the statement does not hold"", ""true"": ""yes, the statement holds""}",false,true,0.7176,False
deploy,"policy: Deploy only when CI passes, there is no change freeze, at least 2 approvals exist, and canary error rate is under 1%.; ci_passed: false; change_freeze: false; approvals: 2; canary_error_rate_pct: 0.01; friday_evening: false",blocker,choice,What blocks the deploy?,"{""approvals"": ""not enough approvals"", ""canary"": ""canary errors too high"", ""ci"": ""CI failing"", ""freeze"": ""change freeze"", ""none"": ""nothing, it can go""}",ci,none,0.2756,False
code_review,"pr: {""title"": ""Drop legacy users table"", ""files_changed"": [""src/ui/button.tsx""], ""lines_changed"": 36, ""adds_tests"": false, ""ci"": ""passed"", ""diff_contains"": ""no secrets""}",risk,score,How risky is this change?,"[""trivial"", ""low"", ""medium"", ""high""]",1,2,0.3859,False
code_review,"pr: {""title"": ""Drop legacy users table"", ""files_changed"": [""src/ui/button.tsx""], ""lines_changed"": 36, ""adds_tests"": false, ""ci"": ""passed"", ""diff_contains"": ""no secrets""}",ci_ok,noul,CI is green for this pull request.,"{""false"": ""no, the statement does not hold"", ""true"": ""yes, the statement holds""}",true,true,0.5201,True
code_review,"pr: {""title"": ""Drop legacy users table"", ""files_changed"": [""src/ui/button.tsx""], ""lines_changed"": 36, ""adds_tests"": false, ""ci"": ""passed"", ""diff_contains"": ""no secrets""}",verdict,choice,Review verdict?,"{""approve"": ""approve and merge"", ""block"": ""block: must be fixed before merge"", ""careful"": ""needs a careful senior review""}",approve,block,0.436,False
code_review,"pr: {""title"": ""Drop legacy users table"", ""files_changed"": [""src/ui/button.tsx""], ""lines_changed"": 36, ""adds_tests"": false, ""ci"": ""passed"", ""diff_contains"": ""no secrets""}",secret,noul,The diff leaks a credential.,"{""false"": ""no, the statement does not hold"", ""true"": ""yes, the statement holds""}",false,false,0.9116,True
code_review,"{""pr"": {""adds_tests"": true, ""ci"": ""passed"", ""diff_contains"": ""no secrets"", ""files_changed"": [""migrations/0042_drop_users.sql""], ""lines_changed"": 1486, ""title"": ""Drop legacy users table""}}",secret,noul,The diff leaks a credential.,"{""false"": ""no, the statement does not hold"", ""true"": ""yes, the statement holds""}",false,false,0.9279,True
code_review,"{""pr"": {""adds_tests"": true, ""ci"": ""passed"", ""diff_contains"": ""no secrets"", ""files_changed"": [""migrations/0042_drop_users.sql""], ""lines_changed"": 1486, ""title"": ""Drop legacy users table""}}",risk,score,How risky is this change?,"[""trivial"", ""low"", ""medium"", ""high""]",3,2,0.4143,False
code_review,"{""pr"": {""adds_tests"": true, ""ci"": ""passed"", ""diff_contains"": ""no secrets"", ""files_changed"": [""migrations/0042_drop_users.sql""], ""lines_changed"": 1486, ""title"": ""Drop legacy users table""}}",verdict,choice,Review verdict?,"{""approve"": ""approve and merge"", ""block"": ""block: must be fixed before merge"", ""careful"": ""needs a careful senior review""}",careful,block,0.4892,False
code_review,"{""pr"": {""adds_tests"": true, ""ci"": ""passed"", ""diff_contains"": ""no secrets"", ""files_changed"": [""migrations/0042_drop_users.sql""], ""lines_changed"": 1486, ""title"": ""Drop legacy users table""}}",ci_ok,noul,CI is green for this pull request.,"{""false"": ""no, the statement does not hold"", ""true"": ""yes, the statement holds""}",true,true,0.5172,True
fraud,"{""customer_avg_txn_usd"": 45, ""txn"": {""amount_usd"": 38, ""card_country_matches_ip"": false, ""new_device"": false, ""txns_last_hour"": 1}}",action,choice,Payment decision?,"{""approve"": ""approve"", ""block"": ""block"", ""challenge"": ""step-up verification""}",challenge,block,0.3845,False
fraud,"{""customer_avg_txn_usd"": 45, ""txn"": {""amount_usd"": 38, ""card_country_matches_ip"": false, ""new_device"": false, ""txns_last_hour"": 1}}",risk,score,Fraud risk?,"[""low"", ""some"", ""elevated"", ""very high""]",1,1,0.5171,True
fraud,"{""customer_avg_txn_usd"": 45, ""txn"": {""amount_usd"": 38, ""card_country_matches_ip"": false, ""new_device"": false, ""txns_last_hour"": 1}}",suspicious,noul,This transaction looks suspicious.,"{""false"": ""no, the statement does not hold"", ""true"": ""yes, the statement holds""}",true,false,0.9384,False
hr,"{""policy"": ""Leave needs enough balance. Requests over 10 days need 14 days notice. No leave during the year-end blackout."", ""request"": {""balance_days"": 0, ""days"": 3, ""during_blackout"": false, ""notice_days"": 30, ""reason"": ""rest""}}",reason,choice,Main outcome?,"{""approve"": ""approve"", ""balance"": ""reject: not enough balance"", ""blackout"": ""reject: blackout period"", ""notice"": ""reject: too little notice""}",balance,blackout,0.3312,False
hr,"{""policy"": ""Leave needs enough balance. Requests over 10 days need 14 days notice. No leave during the year-end blackout."", ""request"": {""balance_days"": 0, ""days"": 3, ""during_blackout"": false, ""notice_days"": 30, ""reason"": ""rest""}}",balance,noul,The employee has enough leave balance.,"{""false"": ""no, the statement does not hold"", ""true"": ""yes, the statement holds""}",false,false,0.6706,True
hr,"{""policy"": ""Leave needs enough balance. Requests over 10 days need 14 days notice. No leave during the year-end blackout."", ""request"": {""balance_days"": 0, ""days"": 3, ""during_blackout"": false, ""notice_days"": 30, ""reason"": ""rest""}}",approve,noul,The request can be approved under policy.,"{""false"": ""no, the statement does not hold"", ""true"": ""yes, the statement holds""}",false,false,0.7461,True
invoice,"{""invoice"": {""amount_usd"": 3014, ""bank_details_changed_since_last_payment"": false, ""number"": ""INV-4671"", ""po_amount_usd"": null, ""same_number_already_paid"": false, ""vendor"": ""Umbrella Logistics"", ""vendor_on_file"": false}, ""policy"": ""Invoices must match a PO within 2%. Over $10,000 needs CFO sign-off. New vendors or changed bank details need verification by phone. Duplicate invoice numbers must be rejected.""}",route,choice,Where should this invoice go?,"{""cfo"": ""send to the CFO for sign-off"", ""hold"": ""hold, PO mismatch or missing"", ""pay"": ""schedule payment"", ""reject"": ""reject as a duplicate"", ""verify"": ""verify vendor or bank details first""}",verify,cfo,0.432,False
invoice,"{""invoice"": {""amount_usd"": 3014, ""bank_details_changed_since_last_payment"": false, ""number"": ""INV-4671"", ""po_amount_usd"": null, ""same_number_already_paid"": false, ""vendor"": ""Umbrella Logistics"", ""vendor_on_file"": false}, ""policy"": ""Invoices must match a PO within 2%. Over $10,000 needs CFO sign-off. New vendors or changed bank details need verification by phone. Duplicate invoice numbers must be rejected.""}",verify,noul,Payment details must be verified by phone before paying.,"{""false"": ""no, the statement does not hold"", ""true"": ""yes, the statement holds""}",true,true,0.5786,True
invoice,"{""invoice"": {""amount_usd"": 3014, ""bank_details_changed_since_last_payment"": false, ""number"": ""INV-4671"", ""po_amount_usd"": null, ""same_number_already_paid"": false, ""vendor"": ""Umbrella Logistics"", ""vendor_on_file"": false}, ""policy"": ""Invoices must match a PO within 2%. Over $10,000 needs CFO sign-off. New vendors or changed bank details need verification by phone. Duplicate invoice numbers must be rejected.""}",po_match,noul,The invoice matches its purchase order within policy.,"{""false"": ""no, the statement does not hold"", ""true"": ""yes, the statement holds""}",false,false,0.5429,True
invoice,"{""invoice"": {""amount_usd"": 3014, ""bank_details_changed_since_last_payment"": false, ""number"": ""INV-4671"", ""po_amount_usd"": null, ""same_number_already_paid"": false, ""vendor"": ""Umbrella Logistics"", ""vendor_on_file"": false}, ""policy"": ""Invoices must match a PO within 2%. Over $10,000 needs CFO sign-off. New vendors or changed bank details need verification by phone. Duplicate invoice numbers must be rejected.""}",risk,score,How risky is paying this invoice as-is?,"[""no risk"", ""low"", ""medium"", ""high""]",2,2,0.4393,True
scheduling,"{""attendee_free_slots"": [""Thu 16:00"", ""Tue 14:00"", ""Mon 10:00""], ""meeting"": ""30 min project sync"", ""requested_slot"": ""Fri 11:00""}",available,noul,Everyone is free at the requested slot.,"{""false"": ""no, the statement does not hold"", ""true"": ""yes, the statement holds""}",false,false,0.6523,True
scheduling,"{""attendee_free_slots"": [""Thu 16:00"", ""Tue 14:00"", ""Mon 10:00""], ""meeting"": ""30 min project sync"", ""requested_slot"": ""Fri 11:00""}",action,choice,Scheduling action?,"{""book"": ""book the requested slot"", ""propose"": ""propose another slot""}",propose,book,0.6556,False
invoice,"policy: Invoices must match a PO within 2%. Over $10,000 needs CFO sign-off. New vendors or changed bank details need verification by phone. Duplicate invoice numbers must be rejected.; invoice: {""number"": ""INV-8327"", ""amount_usd"": 3281, ""vendor"": ""Initech"", ""po_amount_usd"": 1640, ""vendor_on_file"": true, ""bank_details_changed_since_last_payment"": false, ""same_number_already_paid"": false}",route,choice,Where should this invoice go?,"{""cfo"": ""send to the CFO for sign-off"", ""hold"": ""hold, PO mismatch or missing"", ""pay"": ""schedule payment"", ""reject"": ""reject as a duplicate"", ""verify"": ""verify vendor or bank details first""}",hold,cfo,0.3418,False
invoice,"policy: Invoices must match a PO within 2%. Over $10,000 needs CFO sign-off. New vendors or changed bank details need verification by phone. Duplicate invoice numbers must be rejected.; invoice: {""number"": ""INV-8327"", ""amount_usd"": 3281, ""vendor"": ""Initech"", ""po_amount_usd"": 1640, ""vendor_on_file"": true, ""bank_details_changed_since_last_payment"": false, ""same_number_already_paid"": false}",risk,score,How risky is paying this invoice as-is?,"[""no risk"", ""low"", ""medium"", ""high""]",2,2,0.4066,True
invoice,"policy: Invoices must match a PO within 2%. Over $10,000 needs CFO sign-off. New vendors or changed bank details need verification by phone. Duplicate invoice numbers must be rejected.; invoice: {""number"": ""INV-8327"", ""amount_usd"": 3281, ""vendor"": ""Initech"", ""po_amount_usd"": 1640, ""vendor_on_file"": true, ""bank_details_changed_since_last_payment"": false, ""same_number_already_paid"": false}",verify,noul,Payment details must be verified by phone before paying.,"{""false"": ""no, the statement does not hold"", ""true"": ""yes, the statement holds""}",false,false,0.56,True
invoice,"policy: Invoices must match a PO within 2%. Over $10,000 needs CFO sign-off. New vendors or changed bank details need verification by phone. Duplicate invoice numbers must be rejected.; invoice: {""number"": ""INV-8327"", ""amount_usd"": 3281, ""vendor"": ""Initech"", ""po_amount_usd"": 1640, ""vendor_on_file"": true, ""bank_details_changed_since_last_payment"": false, ""same_number_already_paid"": false}",po_match,noul,The invoice matches its purchase order within policy.,"{""false"": ""no, the statement does not hold"", ""true"": ""yes, the statement holds""}",false,false,0.7703,True
hr,"{""policy"": ""Leave needs enough balance. Requests over 10 days need 14 days notice. No leave during the year-end blackout."", ""request"": {""balance_days"": 20, ""days"": 2, ""during_blackout"": true, ""notice_days"": 1, ""reason"": ""rest""}}",reason,choice,Main outcome?,"{""approve"": ""approve"", ""balance"": ""reject: not enough balance"", ""blackout"": ""reject: blackout period"", ""notice"": ""reject: too little notice""}",blackout,blackout,0.3788,True
hr,"{""policy"": ""Leave needs enough balance. Requests over 10 days need 14 days notice. No leave during the year-end blackout."", ""request"": {""balance_days"": 20, ""days"": 2, ""during_blackout"": true, ""notice_days"": 1, ""reason"": ""rest""}}",balance,noul,The employee has enough leave balance.,"{""false"": ""no, the statement does not hold"", ""true"": ""yes, the statement holds""}",true,false,0.8513,False
hr,"{""policy"": ""Leave needs enough balance. Requests over 10 days need 14 days notice. No leave during the year-end blackout."", ""request"": {""balance_days"": 20, ""days"": 2, ""during_blackout"": true, ""notice_days"": 1, ""reason"": ""rest""}}",approve,noul,The request can be approved under policy.,"{""false"": ""no, the statement does not hold"", ""true"": ""yes, the statement holds""}",false,false,0.8922,True
code_review,"{""pr"": {""adds_tests"": false, ""ci"": ""passed"", ""diff_contains"": ""no secrets"", ""files_changed"": [""migrations/0042_drop_users.sql""], ""lines_changed"": 3614, ""title"": ""Add dark mode button""}}",secret,noul,The diff leaks a credential.,"{""false"": ""no, the statement does not hold"", ""true"": ""yes, the statement holds""}",false,false,0.9527,True
code_review,"{""pr"": {""adds_tests"": false, ""ci"": ""passed"", ""diff_contains"": ""no secrets"", ""files_changed"": [""migrations/0042_drop_users.sql""], ""lines_changed"": 3614, ""title"": ""Add dark mode button""}}",ci_ok,noul,CI is green for this pull request.,"{""false"": ""no, the statement does not hold"", ""true"": ""yes, the statement holds""}",true,true,0.5146,True
code_review,"{""pr"": {""adds_tests"": false, ""ci"": ""passed"", ""diff_contains"": ""no secrets"", ""files_changed"": [""migrations/0042_drop_users.sql""], ""lines_changed"": 3614, ""title"": ""Add dark mode button""}}",verdict,choice,Review verdict?,"{""approve"": ""approve and merge"", ""block"": ""block: must be fixed before merge"", ""careful"": ""needs a careful senior review""}",careful,approve,0.3894,False
code_review,"{""pr"": {""adds_tests"": false, ""ci"": ""passed"", ""diff_contains"": ""no secrets"", ""files_changed"": [""migrations/0042_drop_users.sql""], ""lines_changed"": 3614, ""title"": ""Add dark mode button""}}",risk,score,How risky is this change?,"[""trivial"", ""low"", ""medium"", ""high""]",3,2,0.4099,False
incident,"{""customer_facing"": false, ""error_rate_pct"": 0.2, ""last_deploy"": ""no deploy in the last 7 days"", ""on_call"": ""chen"", ""p95_latency_ms"": 198, ""service"": ""login"", ""started_minutes_ago"": 6}",action,choice,What should on-call do?,"{""ignore"": ""no action, metrics are healthy"", ""page"": ""page the on-call engineer immediately"", ""ticket"": ""open a normal-priority ticket for business hours""}",ignore,ignore,0.4037,True
incident,"{""customer_facing"": false, ""error_rate_pct"": 0.2, ""last_deploy"": ""no deploy in the last 7 days"", ""on_call"": ""chen"", ""p95_latency_ms"": 198, ""service"": ""login"", ""started_minutes_ago"": 6}",rollback,noul,The most recent deploy is a likely cause and should be rolled back.,"{""false"": ""no, the statement does not hold"", ""true"": ""yes, the statement holds""}",false,false,0.6415,True
incident,"{""customer_facing"": false, ""error_rate_pct"": 0.2, ""last_deploy"": ""no deploy in the last 7 days"", ""on_call"": ""chen"", ""p95_latency_ms"": 198, ""service"": ""login"", ""started_minutes_ago"": 6}",severity,score,How severe is the impact?,"[""no impact"", ""minor: few users, workaround exists"", ""degraded: many users affected"", ""major outage: core flow down for most users""]",0,1,0.5075,False
incident,"{""customer_facing"": false, ""error_rate_pct"": 0.2, ""last_deploy"": ""no deploy in the last 7 days"", ""on_call"": ""chen"", ""p95_latency_ms"": 198, ""service"": ""login"", ""started_minutes_ago"": 6}",urgent,noul,This is an urgent production incident that needs someone paged now.,"{""false"": ""no, the statement does not hold"", ""true"": ""yes, the statement holds""}",false,false,0.8703,True
inventory,"{""avg_daily_sales"": 27, ""on_hand_units"": 406, ""rule"": ""Reorder when stock covers fewer days than the lead time."", ""sku"": ""SKU-450"", ""supplier_lead_time_days"": 3}",stockout_risk,score,Stock-out risk?,"[""none"", ""low"", ""medium"", ""high""]",0,2,0.4725,False
inventory,"{""avg_daily_sales"": 27, ""on_hand_units"": 406, ""rule"": ""Reorder when stock covers fewer days than the lead time."", ""sku"": ""SKU-450"", ""supplier_lead_time_days"": 3}",reorder,noul,This SKU should be reordered now.,"{""false"": ""no, the statement does not hold"", ""true"": ""yes, the statement holds""}",false,false,0.8069,True
hr,"{""policy"": ""Leave needs enough balance. Requests over 10 days need 14 days notice. No leave during the year-end blackout."", ""request"": {""balance_days"": 2, ""days"": 1, ""during_blackout"": false, ""notice_days"": 30, ""reason"": ""vacation""}}",reason,choice,Main outcome?,"{""approve"": ""approve"", ""balance"": ""reject: not enough balance"", ""blackout"": ""reject: blackout period"", ""notice"": ""reject: too little notice""}",approve,balance,0.3381,False
hr,"{""policy"": ""Leave needs enough balance. Requests over 10 days need 14 days notice. No leave during the year-end blackout."", ""request"": {""balance_days"": 2, ""days"": 1, ""during_blackout"": false, ""notice_days"": 30, ""reason"": ""vacation""}}",approve,noul,The request can be approved under policy.,"{""false"": ""no, the statement does not hold"", ""true"": ""yes, the statement holds""}",true,false,0.691,False
hr,"{""policy"": ""Leave needs enough balance. Requests over 10 days need 14 days notice. No leave during the year-end blackout."", ""request"": {""balance_days"": 2, ""days"": 1, ""during_blackout"": false, ""notice_days"": 30, ""reason"": ""vacation""}}",balance,noul,The employee has enough leave balance.,"{""false"": ""no, the statement does not hold"", ""true"": ""yes, the statement holds""}",true,false,0.5624,False
invoice,"policy: Invoices must match a PO within 2%. Over $10,000 needs CFO sign-off. New vendors or changed bank details need verification by phone. Duplicate invoice numbers must be rejected.; invoice: {""number"": ""INV-2477"", ""amount_usd"": 35047, ""vendor"": ""Acme Supplies"", ""po_amount_usd"": 63084, ""vendor_on_file"": true, ""bank_details_changed_since_last_payment"": false, ""same_number_already_paid"": false}",po_match,noul,The invoice matches its purchase order within policy.,"{""false"": ""no, the statement does not hold"", ""true"": ""yes, the statement holds""}",false,false,0.8343,True
invoice,"policy: Invoices must match a PO within 2%. Over $10,000 needs CFO sign-off. New vendors or changed bank details need verification by phone. Duplicate invoice numbers must be rejected.; invoice: {""number"": ""INV-2477"", ""amount_usd"": 35047, ""vendor"": ""Acme Supplies"", ""po_amount_usd"": 63084, ""vendor_on_file"": true, ""bank_details_changed_since_last_payment"": false, ""same_number_already_paid"": false}",risk,score,How risky is paying this invoice as-is?,"[""no risk"", ""low"", ""medium"", ""high""]",2,2,0.4105,True
invoice,"policy: Invoices must match a PO within 2%. Over $10,000 needs CFO sign-off. New vendors or changed bank details need verification by phone. Duplicate invoice numbers must be rejected.; invoice: {""number"": ""INV-2477"", ""amount_usd"": 35047, ""vendor"": ""Acme Supplies"", ""po_amount_usd"": 63084, ""vendor_on_file"": true, ""bank_details_changed_since_last_payment"": false, ""same_number_already_paid"": false}",verify,noul,Payment details must be verified by phone before paying.,"{""false"": ""no, the statement does not hold"", ""true"": ""yes, the statement holds""}",false,false,0.5955,True
invoice,"policy: Invoices must match a PO within 2%. Over $10,000 needs CFO sign-off. New vendors or changed bank details need verification by phone. Duplicate invoice numbers must be rejected.; invoice: {""number"": ""INV-2477"", ""amount_usd"": 35047, ""vendor"": ""Acme Supplies"", ""po_amount_usd"": 63084, ""vendor_on_file"": true, ""bank_details_changed_since_last_payment"": false, ""same_number_already_paid"": false}",route,choice,Where should this invoice go?,"{""cfo"": ""send to the CFO for sign-off"", ""hold"": ""hold, PO mismatch or missing"", ""pay"": ""schedule payment"", ""reject"": ""reject as a duplicate"", ""verify"": ""verify vendor or bank details first""}",hold,cfo,0.3087,False
scheduling,"attendee_free_slots: [""Mon 10:00"", ""Thu 16:00"", ""Tue 14:00""]; requested_slot: Wed 09:00; meeting: 30 min project sync",action,choice,Scheduling action?,"{""book"": ""book the requested slot"", ""propose"": ""propose another slot""}",propose,book,0.7031,False
scheduling,"attendee_free_slots: [""Mon 10:00"", ""Thu 16:00"", ""Tue 14:00""]; requested_slot: Wed 09:00; meeting: 30 min project sync",available,noul,Everyone is free at the requested slot.,"{""false"": ""no, the statement does not hold"", ""true"": ""yes, the statement holds""}",false,true,0.5107,False
fraud,"txn: {""amount_usd"": 4550, ""card_country_matches_ip"": true, ""txns_last_hour"": 14, ""new_device"": true}; customer_avg_txn_usd: 45",suspicious,noul,This transaction looks suspicious.,"{""false"": ""no, the statement does not hold"", ""true"": ""yes, the statement holds""}",true,false,0.9447,False
fraud,"txn: {""amount_usd"": 4550, ""card_country_matches_ip"": true, ""txns_last_hour"": 14, ""new_device"": true}; customer_avg_txn_usd: 45",action,choice,Payment decision?,"{""approve"": ""approve"", ""block"": ""block"", ""challenge"": ""step-up verification""}",block,approve,0.6673,False
fraud,"txn: {""amount_usd"": 4550, ""card_country_matches_ip"": true, ""txns_last_hour"": 14, ""new_device"": true}; customer_avg_txn_usd: 45",risk,score,Fraud risk?,"[""low"", ""some"", ""elevated"", ""very high""]",3,1,0.3254,False
security,"user: s.lee; alert: {""event"": ""failed_logins"", ""count"": 1081, ""window_minutes"": 10, ""then_success"": false, ""source_ip_reputation"": ""known malicious""}",severity,score,Alert severity?,"[""informational"", ""low"", ""high"", ""critical""]",2,2,0.3681,True
security,"user: s.lee; alert: {""event"": ""failed_logins"", ""count"": 1081, ""window_minutes"": 10, ""then_success"": false, ""source_ip_reputation"": ""known malicious""}",true_positive,noul,"This alert is a real security threat, not expected activity.","{""false"": ""no, the statement does not hold"", ""true"": ""yes, the statement holds""}",true,true,0.5995,True
security,"user: s.lee; alert: {""event"": ""failed_logins"", ""count"": 1081, ""window_minutes"": 10, ""then_success"": false, ""source_ip_reputation"": ""known malicious""}",action,choice,Best immediate action?,"{""block"": ""block the source IP"", ""close"": ""close as benign"", ""isolate"": ""isolate the host from the network"", ""monitor"": ""watch and follow up"", ""reset"": ""force password reset and revoke sessions""}",block,monitor,0.3246,False
security,"user: s.lee; alert: {""event"": ""failed_logins"", ""count"": 1081, ""window_minutes"": 10, ""then_success"": false, ""source_ip_reputation"": ""known malicious""}",compromised,noul,The account or host is likely compromised.,"{""false"": ""no, the statement does not hold"", ""true"": ""yes, the statement holds""}",false,true,0.6174,False
deploy,"policy: Deploy only when CI passes, there is no change freeze, at least 2 approvals exist, and canary error rate is under 1%.; ci_passed: true; change_freeze: false; approvals: 2; canary_error_rate_pct: 0.13; friday_evening: false",blocker,choice,What blocks the deploy?,"{""approvals"": ""not enough approvals"", ""canary"": ""canary errors too high"", ""ci"": ""CI failing"", ""freeze"": ""change freeze"", ""none"": ""nothing, it can go""}",none,none,0.2945,True
deploy,"policy: Deploy only when CI passes, there is no change freeze, at least 2 approvals exist, and canary error rate is under 1%.; ci_passed: true; change_freeze: false; approvals: 2; canary_error_rate_pct: 0.13; friday_evening: false",go,noul,The deploy may proceed under the policy.,"{""false"": ""no, the statement does not hold"", ""true"": ""yes, the statement holds""}",true,true,0.7511,True
code_review,"{""pr"": {""adds_tests"": false, ""ci"": ""passed"", ""diff_contains"": ""no secrets"", ""files_changed"": [""src/auth/session.go""], ""lines_changed"": 9, ""title"": ""Fix typo""}}",verdict,choice,Review verdict?,"{""approve"": ""approve and merge"", ""block"": ""block: must be fixed before merge"", ""careful"": ""needs a careful senior review""}",careful,block,0.4416,False
code_review,"{""pr"": {""adds_tests"": false, ""ci"": ""passed"", ""diff_contains"": ""no secrets"", ""files_changed"": [""src/auth/session.go""], ""lines_changed"": 9, ""title"": ""Fix typo""}}",risk,score,How risky is this change?,"[""trivial"", ""low"", ""medium"", ""high""]",2,2,0.4461,True
code_review,"{""pr"": {""adds_tests"": false, ""ci"": ""passed"", ""diff_contains"": ""no secrets"", ""files_changed"": [""src/auth/session.go""], ""lines_changed"": 9, ""title"": ""Fix typo""}}",secret,noul,The diff leaks a credential.,"{""false"": ""no, the statement does not hold"", ""true"": ""yes, the statement holds""}",false,false,0.9272,True
code_review,"{""pr"": {""adds_tests"": false, ""ci"": ""passed"", ""diff_contains"": ""no secrets"", ""files_changed"": [""src/auth/session.go""], ""lines_changed"": 9, ""title"": ""Fix typo""}}",ci_ok,noul,CI is green for this pull request.,"{""false"": ""no, the statement does not hold"", ""true"": ""yes, the statement holds""}",true,true,0.5386,True
refund,"{""customer"": {""refunds_last_90_days"": 0, ""tenure_months"": 18}, ""policy"": ""Refunds allowed within 30 days of delivery. Refunds over $500 need manager approval. Customers with 5+ refunds in 90 days are flagged for fraud review."", ""request"": {""amount_usd"": 2073, ""days_since_delivery"": 68, ""photo_attached"": true, ""reason"": ""item arrived damaged""}}",within,noul,The request is within the refund window.,"{""false"": ""no, the statement does not hold"", ""true"": ""yes, the statement holds""}",false,false,0.6415,True
refund,"{""customer"": {""refunds_last_90_days"": 0, ""tenure_months"": 18}, ""policy"": ""Refunds allowed within 30 days of delivery. Refunds over $500 need manager approval. Customers with 5+ refunds in 90 days are flagged for fraud review."", ""request"": {""amount_usd"": 2073, ""days_since_delivery"": 68, ""photo_attached"": true, ""reason"": ""item arrived damaged""}}",decision,choice,What should happen to this refund?,"{""approve"": ""approve automatically"", ""deny"": ""deny, outside policy"", ""fraud_review"": ""hold for fraud review"", ""manager"": ""send to a manager for approval""}",manager,manager,0.4792,True
refund,"{""customer"": {""refunds_last_90_days"": 0, ""tenure_months"": 18}, ""policy"": ""Refunds allowed within 30 days of delivery. Refunds over $500 need manager approval. Customers with 5+ refunds in 90 days are flagged for fraud review."", ""request"": {""amount_usd"": 2073, ""days_since_delivery"": 68, ""photo_attached"": true, ""reason"": ""item arrived damaged""}}",fraud,noul,The customer must be sent to fraud review.,"{""false"": ""no, the statement does not hold"", ""true"": ""yes, the statement holds""}",false,false,0.6373,True
access,"{""manager_approved"": true, ""policy"": ""Interns and contractors never get prod admin or payroll. Payroll only for finance. Every grant needs manager approval."", ""requester_role"": ""contractor"", ""resource"": ""staging logs""}",grant,noul,Access can be granted.,"{""false"": ""no, the statement does not hold"", ""true"": ""yes, the statement holds""}",true,false,0.5992,False
access,"{""manager_approved"": true, ""policy"": ""Interns and contractors never get prod admin or payroll. Payroll only for finance. Every grant needs manager approval."", ""requester_role"": ""contractor"", ""resource"": ""staging logs""}",decision,choice,Decision?,"{""deny"": ""deny: role not allowed"", ""grant"": ""grant"", ""need_manager"": ""wait for manager approval""}",grant,need_manager,0.7299,False
refund,"{""customer"": {""refunds_last_90_days"": 0, ""tenure_months"": 45}, ""policy"": ""Refunds allowed within 30 days of delivery. Refunds over $500 need manager approval. Customers with 5+ refunds in 90 days are flagged for fraud review."", ""request"": {""amount_usd"": 203, ""days_since_delivery"": 97, ""photo_attached"": false, ""reason"": ""wrong size""}}",decision,choice,What should happen to this refund?,"{""approve"": ""approve automatically"", ""deny"": ""deny, outside policy"", ""fraud_review"": ""hold for fraud review"", ""manager"": ""send to a manager for approval""}",deny,manager,0.4666,False
refund,"{""customer"": {""refunds_last_90_days"": 0, ""tenure_months"": 45}, ""policy"": ""Refunds allowed within 30 days of delivery. Refunds over $500 need manager approval. Customers with 5+ refunds in 90 days are flagged for fraud review."", ""request"": {""amount_usd"": 203, ""days_since_delivery"": 97, ""photo_attached"": false, ""reason"": ""wrong size""}}",within,noul,The request is within the refund window.,"{""false"": ""no, the statement does not hold"", ""true"": ""yes, the statement holds""}",false,false,0.5882,True
refund,"{""customer"": {""refunds_last_90_days"": 0, ""tenure_months"": 45}, ""policy"": ""Refunds allowed within 30 days of delivery. Refunds over $500 need manager approval. Customers with 5+ refunds in 90 days are flagged for fraud review."", ""request"": {""amount_usd"": 203, ""days_since_delivery"": 97, ""photo_attached"": false, ""reason"": ""wrong size""}}",fraud,noul,The customer must be sent to fraud review.,"{""false"": ""no, the statement does not hold"", ""true"": ""yes, the statement holds""}",false,false,0.6397,True
invoice,"{""invoice"": {""amount_usd"": 1750, ""bank_details_changed_since_last_payment"": true, ""number"": ""INV-7743"", ""po_amount_usd"": 1750, ""same_number_already_paid"": false, ""vendor"": ""Initech"", ""vendor_on_file"": true}, ""policy"": ""Invoices must match a PO within 2%. Over $10,000 needs CFO sign-off. New vendors or changed bank details need verification by phone. Duplicate invoice numbers must be rejected.""}",po_match,noul,The invoice matches its purchase order within policy.,"{""false"": ""no, the statement does not hold"", ""true"": ""yes, the statement holds""}",true,false,0.5812,False
invoice,"{""invoice"": {""amount_usd"": 1750, ""bank_details_changed_since_last_payment"": true, ""number"": ""INV-7743"", ""po_amount_usd"": 1750, ""same_number_already_paid"": false, ""vendor"": ""Initech"", ""vendor_on_file"": true}, ""policy"": ""Invoices must match a PO within 2%. Over $10,000 needs CFO sign-off. New vendors or changed bank details need verification by phone. Duplicate invoice numbers must be rejected.""}",route,choice,Where should this invoice go?,"{""cfo"": ""send to the CFO for sign-off"", ""hold"": ""hold, PO mismatch or missing"", ""pay"": ""schedule payment"", ""reject"": ""reject as a duplicate"", ""verify"": ""verify vendor or bank details first""}",verify,cfo,0.4208,False
invoice,"{""invoice"": {""amount_usd"": 1750, ""bank_details_changed_since_last_payment"": true, ""number"": ""INV-7743"", ""po_amount_usd"": 1750, ""same_number_already_paid"": false, ""vendor"": ""Initech"", ""vendor_on_file"": true}, ""policy"": ""Invoices must match a PO within 2%. Over $10,000 needs CFO sign-off. New vendors or changed bank details need verification by phone. Duplicate invoice numbers must be rejected.""}",verify,noul,Payment details must be verified by phone before paying.,"{""false"": ""no, the statement does not hold"", ""true"": ""yes, the statement holds""}",true,true,0.5233,True
invoice,"{""invoice"": {""amount_usd"": 1750, ""bank_details_changed_since_last_payment"": true, ""number"": ""INV-7743"", ""po_amount_usd"": 1750, ""same_number_already_paid"": false, ""vendor"": ""Initech"", ""vendor_on_file"": true}, ""policy"": ""Invoices must match a PO within 2%. Over $10,000 needs CFO sign-off. New vendors or changed bank details need verification by phone. Duplicate invoice numbers must be rejected.""}",risk,score,How risky is paying this invoice as-is?,"[""no risk"", ""low"", ""medium"", ""high""]",3,2,0.457,False
moderation,"post: You're a worthless idiot and everyone here hates you, just leave.; community: gaming server",violates,noul,The post violates community rules.,"{""false"": ""no, the statement does not hold"", ""true"": ""yes, the statement holds""}",true,false,0.5151,False
moderation,"post: You're a worthless idiot and everyone here hates you, just leave.; community: gaming server",action,choice,Moderation action?,"{""allow"": ""allow"", ""remove"": ""remove the post"", ""remove_and_escalate"": ""remove and escalate to trust & safety""}",remove,remove,0.754,True
moderation,"post: You're a worthless idiot and everyone here hates you, just leave.; community: gaming server",harm,score,Potential harm?,"[""none"", ""low"", ""moderate"", ""severe""]",2,3,0.6947,False
incident,"{""customer_facing"": true, ""error_rate_pct"": 28.8, ""last_deploy"": ""v3.9.4 deployed 917 minutes ago"", ""on_call"": ""chen"", ""p95_latency_ms"": 2382, ""service"": ""login"", ""started_minutes_ago"": 22}",urgent,noul,This is an urgent production incident that needs someone paged now.,"{""false"": ""no, the statement does not hold"", ""true"": ""yes, the statement holds""}",true,false,0.8332,False
incident,"{""customer_facing"": true, ""error_rate_pct"": 28.8, ""last_deploy"": ""v3.9.4 deployed 917 minutes ago"", ""on_call"": ""chen"", ""p95_latency_ms"": 2382, ""service"": ""login"", ""started_minutes_ago"": 22}",rollback,noul,The most recent deploy is a likely cause and should be rolled back.,"{""false"": ""no, the statement does not hold"", ""true"": ""yes, the statement holds""}",false,false,0.6077,True
incident,"{""customer_facing"": true, ""error_rate_pct"": 28.8, ""last_deploy"": ""v3.9.4 deployed 917 minutes ago"", ""on_call"": ""chen"", ""p95_latency_ms"": 2382, ""service"": ""login"", ""started_minutes_ago"": 22}",severity,score,How severe is the impact?,"[""no impact"", ""minor: few users, workaround exists"", ""degraded: many users affected"", ""major outage: core flow down for most users""]",2,2,0.4737,True
incident,"{""customer_facing"": true, ""error_rate_pct"": 28.8, ""last_deploy"": ""v3.9.4 deployed 917 minutes ago"", ""on_call"": ""chen"", ""p95_latency_ms"": 2382, ""service"": ""login"", ""started_minutes_ago"": 22}",action,choice,What should on-call do?,"{""ignore"": ""no action, metrics are healthy"", ""page"": ""page the on-call engineer immediately"", ""ticket"": ""open a normal-priority ticket for business hours""}",page,page,0.4302,True
sales,"lead: {""company_employees"": 19410, ""stated_budget_usd"": 0, ""buying_timeline"": ""this quarter"", ""title"": ""Head of Operations""}; ideal_customer: companies with 200+ employees, budget over $25k, buying within 6 months, decision-maker title",route,choice,Route the lead:,"{""disqualify"": ""disqualify"", ""nurture"": ""marketing nurture"", ""sales"": ""hand to sales now""}",nurture,sales,0.5637,False
sales,"lead: {""company_employees"": 19410, ""stated_budget_usd"": 0, ""buying_timeline"": ""this quarter"", ""title"": ""Head of Operations""}; ideal_customer: companies with 200+ employees, budget over $25k, buying within 6 months, decision-maker title",fit,score,How well does this lead fit the ideal customer?,"[""poor"", ""weak"", ""partial"", ""strong""]",2,2,0.4224,True
sales,"lead: {""company_employees"": 19410, ""stated_budget_usd"": 0, ""buying_timeline"": ""this quarter"", ""title"": ""Head of Operations""}; ideal_customer: companies with 200+ employees, budget over $25k, buying within 6 months, decision-maker title",decision_maker,noul,The contact is a decision-maker.,"{""false"": ""no, the statement does not hold"", ""true"": ""yes, the statement holds""}",true,false,0.6068,False
scheduling,"attendee_free_slots: [""Tue 14:00"", ""Mon 10:00"", ""Thu 16:00""]; requested_slot: Tue 14:00; meeting: 30 min project sync",available,noul,Everyone is free at the requested slot.,"{""false"": ""no, the statement does not hold"", ""true"": ""yes, the statement holds""}",true,true,0.7344,True
scheduling,"attendee_free_slots: [""Tue 14:00"", ""Mon 10:00"", ""Thu 16:00""]; requested_slot: Tue 14:00; meeting: 30 min project sync",action,choice,Scheduling action?,"{""book"": ""book the requested slot"", ""propose"": ""propose another slot""}",book,book,0.9537,True
sales,"lead: {""company_employees"": 9276, ""stated_budget_usd"": 130740, ""buying_timeline"": ""just browsing"", ""title"": ""student""}; ideal_customer: companies with 200+ employees, budget over $25k, buying within 6 months, decision-maker title",decision_maker,noul,The contact is a decision-maker.,"{""false"": ""no, the statement does not hold"", ""true"": ""yes, the statement holds""}",false,false,0.6684,True
sales,"lead: {""company_employees"": 9276, ""stated_budget_usd"": 130740, ""buying_timeline"": ""just browsing"", ""title"": ""student""}; ideal_customer: companies with 200+ employees, budget over $25k, buying within 6 months, decision-maker title",fit,score,How well does this lead fit the ideal customer?,"[""poor"", ""weak"", ""partial"", ""strong""]",1,3,0.3968,False
sales,"lead: {""company_employees"": 9276, ""stated_budget_usd"": 130740, ""buying_timeline"": ""just browsing"", ""title"": ""student""}; ideal_customer: companies with 200+ employees, budget over $25k, buying within 6 months, decision-maker title",route,choice,Route the lead:,"{""disqualify"": ""disqualify"", ""nurture"": ""marketing nurture"", ""sales"": ""hand to sales now""}",nurture,nurture,0.4554,True
access,"{""manager_approved"": false, ""policy"": ""Interns and contractors never get prod admin or payroll. Payroll only for finance. Every grant needs manager approval."", ""requester_role"": ""finance analyst"", ""resource"": ""prod database admin""}",grant,noul,Access can be granted.,"{""false"": ""no, the statement does not hold"", ""true"": ""yes, the statement holds""}",false,false,0.7208,True
access,"{""manager_approved"": false, ""policy"": ""Interns and contractors never get prod admin or payroll. Payroll only for finance. Every grant needs manager approval."", ""requester_role"": ""finance analyst"", ""resource"": ""prod database admin""}",decision,choice,Decision?,"{""deny"": ""deny: role not allowed"", ""grant"": ""grant"", ""need_manager"": ""wait for manager approval""}",need_manager,need_manager,0.6109,True
incident,"{""customer_facing"": false, ""error_rate_pct"": 0.0, ""last_deploy"": ""no deploy in the last 7 days"", ""on_call"": ""alice"", ""p95_latency_ms"": 152, ""service"": ""orders API"", ""started_minutes_ago"": 14}",severity,score,How severe is the impact?,"[""no impact"", ""minor: few users, workaround exists"", ""degraded: many users affected"", ""major outage: core flow down for most users""]",0,1,0.4799,False
incident,"{""customer_facing"": false, ""error_rate_pct"": 0.0, ""last_deploy"": ""no deploy in the last 7 days"", ""on_call"": ""alice"", ""p95_latency_ms"": 152, ""service"": ""orders API"", ""started_minutes_ago"": 14}",action,choice,What should on-call do?,"{""ignore"": ""no action, metrics are healthy"", ""page"": ""page the on-call engineer immediately"", ""ticket"": ""open a normal-priority ticket for business hours""}",ignore,ignore,0.6201,True
incident,"{""customer_facing"": false, ""error_rate_pct"": 0.0, ""last_deploy"": ""no deploy in the last 7 days"", ""on_call"": ""alice"", ""p95_latency_ms"": 152, ""service"": ""orders API"", ""started_minutes_ago"": 14}",urgent,noul,This is an urgent production incident that needs someone paged now.,"{""false"": ""no, the statement does not hold"", ""true"": ""yes, the statement holds""}",false,false,0.9056,True
incident,"{""customer_facing"": false, ""error_rate_pct"": 0.0, ""last_deploy"": ""no deploy in the last 7 days"", ""on_call"": ""alice"", ""p95_latency_ms"": 152, ""service"": ""orders API"", ""started_minutes_ago"": 14}",rollback,noul,The most recent deploy is a likely cause and should be rolled back.,"{""false"": ""no, the statement does not hold"", ""true"": ""yes, the statement holds""}",false,false,0.6569,True
access,"{""manager_approved"": true, ""policy"": ""Interns and contractors never get prod admin or payroll. Payroll only for finance. Every grant needs manager approval."", ""requester_role"": ""contractor"", ""resource"": ""shared design folder""}",grant,noul,Access can be granted.,"{""false"": ""no, the statement does not hold"", ""true"": ""yes, the statement holds""}",true,false,0.6113,False
access,"{""manager_approved"": true, ""policy"": ""Interns and contractors never get prod admin or payroll. Payroll only for finance. Every grant needs manager approval."", ""requester_role"": ""contractor"", ""resource"": ""shared design folder""}",decision,choice,Decision?,"{""deny"": ""deny: role not allowed"", ""grant"": ""grant"", ""need_manager"": ""wait for manager approval""}",grant,need_manager,0.7636,False
moderation,post: I know where you live and I'm going to hurt you tomorrow.; community: gardening forum,action,choice,Moderation action?,"{""allow"": ""allow"", ""remove"": ""remove the post"", ""remove_and_escalate"": ""remove and escalate to trust & safety""}",remove_and_escalate,remove_and_escalate,0.7535,True
moderation,post: I know where you live and I'm going to hurt you tomorrow.; community: gardening forum,violates,noul,The post violates community rules.,"{""false"": ""no, the statement does not hold"", ""true"": ""yes, the statement holds""}",true,false,0.6627,False
moderation,post: I know where you live and I'm going to hurt you tomorrow.; community: gardening forum,harm,score,Potential harm?,"[""none"", ""low"", ""moderate"", ""severe""]",3,3,0.7457,True
expense,"{""expense"": {""amount_usd"": 300, ""category"": ""flight"", ""nights"": null, ""receipt_attached"": true}, ""policy"": ""Receipts required. Meals up to $75. Flights economy only, up to $1,000. Hotels up to $300/night. Alcohol is never reimbursed. Software over $500 needs IT approval.""}",within,noul,The expense is within policy limits.,"{""false"": ""no, the statement does not hold"", ""true"": ""yes, the statement holds""}",true,false,0.5592,False
expense,"{""expense"": {""amount_usd"": 300, ""category"": ""flight"", ""nights"": null, ""receipt_attached"": true}, ""policy"": ""Receipts required. Meals up to $75. Flights economy only, up to $1,000. Hotels up to $300/night. Alcohol is never reimbursed. Software over $500 needs IT approval.""}",outcome,choice,Outcome?,"{""it_approval"": ""send for IT approval"", ""missing_receipt"": ""return: receipt missing"", ""reimburse"": ""reimburse"", ""reject"": ""reject as out of policy""}",reimburse,it_approval,0.4412,False
support,"{""account_age_days"": 1406, ""customer_plan"": ""pro"", ""ticket"": ""Love the latest update, the speed is amazing.""}",team,choice,Which team should handle this ticket?,"{""billing"": ""billing and accounts"", ""engineering"": ""engineering (product broken)"", ""support"": ""general support""}",support,support,0.5155,True
support,"{""account_age_days"": 1406, ""customer_plan"": ""pro"", ""ticket"": ""Love the latest update, the speed is amazing.""}",priority,score,What priority should this ticket get?,"[""low"", ""normal"", ""high"", ""urgent""]",0,2,0.4258,False
support,"{""account_age_days"": 1406, ""customer_plan"": ""pro"", ""ticket"": ""Love the latest update, the speed is amazing.""}",needs_reply,noul,This ticket needs a reply from a human agent.,"{""false"": ""no, the statement does not hold"", ""true"": ""yes, the statement holds""}",false,false,0.9218,True
support,"{""account_age_days"": 1406, ""customer_plan"": ""pro"", ""ticket"": ""Love the latest update, the speed is amazing.""}",angry,noul,The customer is upset or frustrated.,"{""false"": ""no, the statement does not hold"", ""true"": ""yes, the statement holds""}",false,false,0.9777,True
refund,"{""customer"": {""refunds_last_90_days"": 1, ""tenure_months"": 51}, ""policy"": ""Refunds allowed within 30 days of delivery. Refunds over $500 need manager approval. Customers with 5+ refunds in 90 days are flagged for fraud review."", ""request"": {""amount_usd"": 290, ""days_since_delivery"": 5, ""photo_attached"": false, ""reason"": ""wrong size""}}",within,noul,The request is within the refund window.,"{""false"": ""no, the statement does not hold"", ""true"": ""yes, the statement holds""}",true,false,0.5917,False
refund,"{""customer"": {""refunds_last_90_days"": 1, ""tenure_months"": 51}, ""policy"": ""Refunds allowed within 30 days of delivery. Refunds over $500 need manager approval. Customers with 5+ refunds in 90 days are flagged for fraud review."", ""request"": {""amount_usd"": 290, ""days_since_delivery"": 5, ""photo_attached"": false, ""reason"": ""wrong size""}}",fraud,noul,The customer must be sent to fraud review.,"{""false"": ""no, the statement does not hold"", ""true"": ""yes, the statement holds""}",false,false,0.68,True
refund,"{""customer"": {""refunds_last_90_days"": 1, ""tenure_months"": 51}, ""policy"": ""Refunds allowed within 30 days of delivery. Refunds over $500 need manager approval. Customers with 5+ refunds in 90 days are flagged for fraud review."", ""request"": {""amount_usd"": 290, ""days_since_delivery"": 5, ""photo_attached"": false, ""reason"": ""wrong size""}}",decision,choice,What should happen to this refund?,"{""approve"": ""approve automatically"", ""deny"": ""deny, outside policy"", ""fraud_review"": ""hold for fraud review"", ""manager"": ""send to a manager for approval""}",approve,manager,0.4511,False
hr,"{""policy"": ""Leave needs enough balance. Requests over 10 days need 14 days notice. No leave during the year-end blackout."", ""request"": {""balance_days"": 2, ""days"": 12, ""during_blackout"": false, ""notice_days"": 30, ""reason"": ""family event""}}",reason,choice,Main outcome?,"{""approve"": ""approve"", ""balance"": ""reject: not enough balance"", ""blackout"": ""reject: blackout period"", ""notice"": ""reject: too little notice""}",balance,balance,0.3491,True
hr,"{""policy"": ""Leave needs enough balance. Requests over 10 days need 14 days notice. No leave during the year-end blackout."", ""request"": {""balance_days"": 2, ""days"": 12, ""during_blackout"": false, ""notice_days"": 30, ""reason"": ""family event""}}",balance,noul,The employee has enough leave balance.,"{""false"": ""no, the statement does not hold"", ""true"": ""yes, the statement holds""}",false,false,0.5386,True
hr,"{""policy"": ""Leave needs enough balance. Requests over 10 days need 14 days notice. No leave during the year-end blackout."", ""request"": {""balance_days"": 2, ""days"": 12, ""during_blackout"": false, ""notice_days"": 30, ""reason"": ""family event""}}",approve,noul,The request can be approved under policy.,"{""false"": ""no, the statement does not hold"", ""true"": ""yes, the statement holds""}",false,false,0.6774,True
email,"{""email"": {""body"": ""Please send the updated numbers before the board call at 3pm."", ""from"": ""ceo@ourcompany.com (verified internal)"", ""subject"": ""Board deck needed by 3pm today""}, ""recipient_role"": ""operations manager""}",folder,choice,How should this email be handled?,"{""act_now"": ""act on it today"", ""archive"": ""archive, no action"", ""read_later"": ""read later"", ""report"": ""report as phishing/spam""}",act_now,act_now,0.9419,True
email,"{""email"": {""body"": ""Please send the updated numbers before the board call at 3pm."", ""from"": ""ceo@ourcompany.com (verified internal)"", ""subject"": ""Board deck needed by 3pm today""}, ""recipient_role"": ""operations manager""}",reply,noul,A personal reply is needed.,"{""false"": ""no, the statement does not hold"", ""true"": ""yes, the statement holds""}",true,false,0.5031,False
email,"{""email"": {""body"": ""Please send the updated numbers before the board call at 3pm."", ""from"": ""ceo@ourcompany.com (verified internal)"", ""subject"": ""Board deck needed by 3pm today""}, ""recipient_role"": ""operations manager""}",priority,score,Priority?,"[""none"", ""low"", ""medium"", ""high""]",3,3,0.4966,True
email,"{""email"": {""body"": ""Please send the updated numbers before the board call at 3pm."", ""from"": ""ceo@ourcompany.com (verified internal)"", ""subject"": ""Board deck needed by 3pm today""}, ""recipient_role"": ""operations manager""}",malicious,noul,This email is phishing or a scam.,"{""false"": ""no, the statement does not hold"", ""true"": ""yes, the statement holds""}",false,false,0.9815,True
support,"ticket: The export button does nothing on Safari, works in Chrome.; customer_plan: enterprise; account_age_days: 1838",team,choice,Which team should handle this ticket?,"{""billing"": ""billing and accounts"", ""engineering"": ""engineering (product broken)"", ""support"": ""general support""}",engineering,engineering,0.6066,True
support,"ticket: The export button does nothing on Safari, works in Chrome.; customer_plan: enterprise; account_age_days: 1838",priority,score,What priority should this ticket get?,"[""low"", ""normal"", ""high"", ""urgent""]",1,1,0.399,True
support,"ticket: The export button does nothing on Safari, works in Chrome.; customer_plan: enterprise; account_age_days: 1838",needs_reply,noul,This ticket needs a reply from a human agent.,"{""false"": ""no, the statement does not hold"", ""true"": ""yes, the statement holds""}",true,false,0.6522,False
deploy,"{""approvals"": 2, ""canary_error_rate_pct"": 12.81, ""change_freeze"": false, ""ci_passed"": false, ""friday_evening"": false, ""policy"": ""Deploy only when CI passes, there is no change freeze, at least 2 approvals exist, and canary error rate is under 1%.""}",blocker,choice,What blocks the deploy?,"{""approvals"": ""not enough approvals"", ""canary"": ""canary errors too high"", ""ci"": ""CI failing"", ""freeze"": ""change freeze"", ""none"": ""nothing, it can go""}",ci,approvals,0.3393,False
deploy,"{""approvals"": 2, ""canary_error_rate_pct"": 12.81, ""change_freeze"": false, ""ci_passed"": false, ""friday_evening"": false, ""policy"": ""Deploy only when CI passes, there is no change freeze, at least 2 approvals exist, and canary error rate is under 1%.""}",go,noul,The deploy may proceed under the policy.,"{""false"": ""no, the statement does not hold"", ""true"": ""yes, the statement holds""}",false,true,0.6227,False
inventory,"{""avg_daily_sales"": 25, ""on_hand_units"": 479, ""rule"": ""Reorder when stock covers fewer days than the lead time."", ""sku"": ""SKU-135"", ""supplier_lead_time_days"": 14}",stockout_risk,score,Stock-out risk?,"[""none"", ""low"", ""medium"", ""high""]",0,2,0.4279,False
inventory,"{""avg_daily_sales"": 25, ""on_hand_units"": 479, ""rule"": ""Reorder when stock covers fewer days than the lead time."", ""sku"": ""SKU-135"", ""supplier_lead_time_days"": 14}",reorder,noul,This SKU should be reordered now.,"{""false"": ""no, the statement does not hold"", ""true"": ""yes, the statement holds""}",false,false,0.7329,True
refund,"{""customer"": {""refunds_last_90_days"": 0, ""tenure_months"": 54}, ""policy"": ""Refunds allowed within 30 days of delivery. Refunds over $500 need manager approval. Customers with 5+ refunds in 90 days are flagged for fraud review."", ""request"": {""amount_usd"": 1525, ""days_since_delivery"": 8, ""photo_attached"": false, ""reason"": ""wrong size""}}",fraud,noul,The customer must be sent to fraud review.,"{""false"": ""no, the statement does not hold"", ""true"": ""yes, the statement holds""}",false,false,0.6404,True
refund,"{""customer"": {""refunds_last_90_days"": 0, ""tenure_months"": 54}, ""policy"": ""Refunds allowed within 30 days of delivery. Refunds over $500 need manager approval. Customers with 5+ refunds in 90 days are flagged for fraud review."", ""request"": {""amount_usd"": 1525, ""days_since_delivery"": 8, ""photo_attached"": false, ""reason"": ""wrong size""}}",decision,choice,What should happen to this refund?,"{""approve"": ""approve automatically"", ""deny"": ""deny, outside policy"", ""fraud_review"": ""hold for fraud review"", ""manager"": ""send to a manager for approval""}",manager,manager,0.4767,True
refund,"{""customer"": {""refunds_last_90_days"": 0, ""tenure_months"": 54}, ""policy"": ""Refunds allowed within 30 days of delivery. Refunds over $500 need manager approval. Customers with 5+ refunds in 90 days are flagged for fraud review."", ""request"": {""amount_usd"": 1525, ""days_since_delivery"": 8, ""photo_attached"": false, ""reason"": ""wrong size""}}",within,noul,The request is within the refund window.,"{""false"": ""no, the statement does not hold"", ""true"": ""yes, the statement holds""}",true,false,0.5674,False
security,"{""alert"": {""event"": ""login"", ""locations"": [""London"", ""Sydney""], ""mfa_passed"": false, ""minutes_apart"": 33}, ""user"": ""svc-backup""}",severity,score,Alert severity?,"[""informational"", ""low"", ""high"", ""critical""]",3,2,0.339,False
security,"{""alert"": {""event"": ""login"", ""locations"": [""London"", ""Sydney""], ""mfa_passed"": false, ""minutes_apart"": 33}, ""user"": ""svc-backup""}",compromised,noul,The account or host is likely compromised.,"{""false"": ""no, the statement does not hold"", ""true"": ""yes, the statement holds""}",true,false,0.8906,False
security,"{""alert"": {""event"": ""login"", ""locations"": [""London"", ""Sydney""], ""mfa_passed"": false, ""minutes_apart"": 33}, ""user"": ""svc-backup""}",action,choice,Best immediate action?,"{""block"": ""block the source IP"", ""close"": ""close as benign"", ""isolate"": ""isolate the host from the network"", ""monitor"": ""watch and follow up"", ""reset"": ""force password reset and revoke sessions""}",reset,monitor,0.5029,False
security,"{""alert"": {""event"": ""login"", ""locations"": [""London"", ""Sydney""], ""mfa_passed"": false, ""minutes_apart"": 33}, ""user"": ""svc-backup""}",true_positive,noul,"This alert is a real security threat, not expected activity.","{""false"": ""no, the statement does not hold"", ""true"": ""yes, the statement holds""}",true,false,0.8812,False
refund,"policy: Refunds allowed within 30 days of delivery. Refunds over $500 need manager approval. Customers with 5+ refunds in 90 days are flagged for fraud review.; request: {""amount_usd"": 322, ""days_since_delivery"": 173, ""reason"": ""item arrived damaged"", ""photo_attached"": true}; customer: {""refunds_last_90_days"": 1, ""tenure_months"": 35}",decision,choice,What should happen to this refund?,"{""approve"": ""approve automatically"", ""deny"": ""deny, outside policy"", ""fraud_review"": ""hold for fraud review"", ""manager"": ""send to a manager for approval""}",approve,fraud_review,0.4085,False
refund,"policy: Refunds allowed within 30 days of delivery. Refunds over $500 need manager approval. Customers with 5+ refunds in 90 days are flagged for fraud review.; request: {""amount_usd"": 322, ""days_since_delivery"": 173, ""reason"": ""item arrived damaged"", ""photo_attached"": true}; customer: {""refunds_last_90_days"": 1, ""tenure_months"": 35}",fraud,noul,The customer must be sent to fraud review.,"{""false"": ""no, the statement does not hold"", ""true"": ""yes, the statement holds""}",false,false,0.71,True
refund,"policy: Refunds allowed within 30 days of delivery. Refunds over $500 need manager approval. Customers with 5+ refunds in 90 days are flagged for fraud review.; request: {""amount_usd"": 322, ""days_since_delivery"": 173, ""reason"": ""item arrived damaged"", ""photo_attached"": true}; customer: {""refunds_last_90_days"": 1, ""tenure_months"": 35}",within,noul,The request is within the refund window.,"{""false"": ""no, the statement does not hold"", ""true"": ""yes, the statement holds""}",false,false,0.6532,True
deploy,"{""approvals"": 3, ""canary_error_rate_pct"": 17.37, ""change_freeze"": false, ""ci_passed"": true, ""friday_evening"": false, ""policy"": ""Deploy only when CI passes, there is no change freeze, at least 2 approvals exist, and canary error rate is under 1%.""}",blocker,choice,What blocks the deploy?,"{""approvals"": ""not enough approvals"", ""canary"": ""canary errors too high"", ""ci"": ""CI failing"", ""freeze"": ""change freeze"", ""none"": ""nothing, it can go""}",canary,approvals,0.3407,False
deploy,"{""approvals"": 3, ""canary_error_rate_pct"": 17.37, ""change_freeze"": false, ""ci_passed"": true, ""friday_evening"": false, ""policy"": ""Deploy only when CI passes, there is no change freeze, at least 2 approvals exist, and canary error rate is under 1%.""}",go,noul,The deploy may proceed under the policy.,"{""false"": ""no, the statement does not hold"", ""true"": ""yes, the statement holds""}",false,true,0.8654,False
scheduling,"attendee_free_slots: [""Wed 09:00"", ""Thu 16:00"", ""Mon 10:00""]; requested_slot: Tue 14:00; meeting: 30 min project sync",available,noul,Everyone is free at the requested slot.,"{""false"": ""no, the statement does not hold"", ""true"": ""yes, the statement holds""}",false,true,0.5257,False
scheduling,"attendee_free_slots: [""Wed 09:00"", ""Thu 16:00"", ""Mon 10:00""]; requested_slot: Tue 14:00; meeting: 30 min project sync",action,choice,Scheduling action?,"{""book"": ""book the requested slot"", ""propose"": ""propose another slot""}",propose,book,0.7184,False
email,"email: {""from"": ""calendar@ourcompany.com"", ""subject"": ""Accepted: weekly sync"", ""body"": ""Maria accepted.""}; recipient_role: operations manager",priority,score,Priority?,"[""none"", ""low"", ""medium"", ""high""]",0,2,0.4954,False
email,"email: {""from"": ""calendar@ourcompany.com"", ""subject"": ""Accepted: weekly sync"", ""body"": ""Maria accepted.""}; recipient_role: operations manager",malicious,noul,This email is phishing or a scam.,"{""false"": ""no, the statement does not hold"", ""true"": ""yes, the statement holds""}",false,false,0.9868,True
email,"email: {""from"": ""calendar@ourcompany.com"", ""subject"": ""Accepted: weekly sync"", ""body"": ""Maria accepted.""}; recipient_role: operations manager",folder,choice,How should this email be handled?,"{""act_now"": ""act on it today"", ""archive"": ""archive, no action"", ""read_later"": ""read later"", ""report"": ""report as phishing/spam""}",archive,act_now,0.6597,False
email,"email: {""from"": ""calendar@ourcompany.com"", ""subject"": ""Accepted: weekly sync"", ""body"": ""Maria accepted.""}; recipient_role: operations manager",reply,noul,A personal reply is needed.,"{""false"": ""no, the statement does not hold"", ""true"": ""yes, the statement holds""}",false,false,0.6556,True
refund,"{""customer"": {""refunds_last_90_days"": 0, ""tenure_months"": 52}, ""policy"": ""Refunds allowed within 30 days of delivery. Refunds over $500 need manager approval. Customers with 5+ refunds in 90 days are flagged for fraud review."", ""request"": {""amount_usd"": 1803, ""days_since_delivery"": 161, ""photo_attached"": false, ""reason"": ""wrong size""}}",fraud,noul,The customer must be sent to fraud review.,"{""false"": ""no, the statement does not hold"", ""true"": ""yes, the statement holds""}",false,false,0.6368,True
refund,"{""customer"": {""refunds_last_90_days"": 0, ""tenure_months"": 52}, ""policy"": ""Refunds allowed within 30 days of delivery. Refunds over $500 need manager approval. Customers with 5+ refunds in 90 days are flagged for fraud review."", ""request"": {""amount_usd"": 1803, ""days_since_delivery"": 161, ""photo_attached"": false, ""reason"": ""wrong size""}}",decision,choice,What should happen to this refund?,"{""approve"": ""approve automatically"", ""deny"": ""deny, outside policy"", ""fraud_review"": ""hold for fraud review"", ""manager"": ""send to a manager for approval""}",deny,manager,0.4688,False
refund,"{""customer"": {""refunds_last_90_days"": 0, ""tenure_months"": 52}, ""policy"": ""Refunds allowed within 30 days of delivery. Refunds over $500 need manager approval. Customers with 5+ refunds in 90 days are flagged for fraud review."", ""request"": {""amount_usd"": 1803, ""days_since_delivery"": 161, ""photo_attached"": false, ""reason"": ""wrong size""}}",within,noul,The request is within the refund window.,"{""false"": ""no, the statement does not hold"", ""true"": ""yes, the statement holds""}",false,false,0.6107,True
privacy,"{""dataset_sample"": ""avg latency 120ms, region eu-west"", ""destination"": ""third-party analytics vendor without DPA"", ""rule"": ""PII may only go to internal encrypted storage.""}",risk,score,Privacy risk of the transfer?,"[""none"", ""low"", ""medium"", ""high""]",0,2,0.4861,False
privacy,"{""dataset_sample"": ""avg latency 120ms, region eu-west"", ""destination"": ""third-party analytics vendor without DPA"", ""rule"": ""PII may only go to internal encrypted storage.""}",pii,noul,The dataset contains personal data.,"{""false"": ""no, the statement does not hold"", ""true"": ""yes, the statement holds""}",false,false,0.7387,True
privacy,"{""dataset_sample"": ""avg latency 120ms, region eu-west"", ""destination"": ""third-party analytics vendor without DPA"", ""rule"": ""PII may only go to internal encrypted storage.""}",allowed,noul,This transfer is allowed.,"{""false"": ""no, the statement does not hold"", ""true"": ""yes, the statement holds""}",true,false,0.8802,False
hr,"{""policy"": ""Leave needs enough balance. Requests over 10 days need 14 days notice. No leave during the year-end blackout."", ""request"": {""balance_days"": 20, ""days"": 12, ""during_blackout"": false, ""notice_days"": 30, ""reason"": ""vacation""}}",reason,choice,Main outcome?,"{""approve"": ""approve"", ""balance"": ""reject: not enough balance"", ""blackout"": ""reject: blackout period"", ""notice"": ""reject: too little notice""}",approve,balance,0.3564,False
hr,"{""policy"": ""Leave needs enough balance. Requests over 10 days need 14 days notice. No leave during the year-end blackout."", ""request"": {""balance_days"": 20, ""days"": 12, ""during_blackout"": false, ""notice_days"": 30, ""reason"": ""vacation""}}",approve,noul,The request can be approved under policy.,"{""false"": ""no, the statement does not hold"", ""true"": ""yes, the statement holds""}",true,false,0.863,False
hr,"{""policy"": ""Leave needs enough balance. Requests over 10 days need 14 days notice. No leave during the year-end blackout."", ""request"": {""balance_days"": 20, ""days"": 12, ""during_blackout"": false, ""notice_days"": 30, ""reason"": ""vacation""}}",balance,noul,The employee has enough leave balance.,"{""false"": ""no, the statement does not hold"", ""true"": ""yes, the statement holds""}",true,false,0.6753,False
fraud,"{""customer_avg_txn_usd"": 45, ""txn"": {""amount_usd"": 6805, ""card_country_matches_ip"": false, ""new_device"": true, ""txns_last_hour"": 1}}",action,choice,Payment decision?,"{""approve"": ""approve"", ""block"": ""block"", ""challenge"": ""step-up verification""}",block,challenge,0.4573,False
fraud,"{""customer_avg_txn_usd"": 45, ""txn"": {""amount_usd"": 6805, ""card_country_matches_ip"": false, ""new_device"": true, ""txns_last_hour"": 1}}",suspicious,noul,This transaction looks suspicious.,"{""false"": ""no, the statement does not hold"", ""true"": ""yes, the statement holds""}",true,false,0.9048,False
fraud,"{""customer_avg_txn_usd"": 45, ""txn"": {""amount_usd"": 6805, ""card_country_matches_ip"": false, ""new_device"": true, ""txns_last_hour"": 1}}",risk,score,Fraud risk?,"[""low"", ""some"", ""elevated"", ""very high""]",3,1,0.4492,False
invoice,"policy: Invoices must match a PO within 2%. Over $10,000 needs CFO sign-off. New vendors or changed bank details need verification by phone. Duplicate invoice numbers must be rejected.; invoice: {""number"": ""INV-8816"", ""amount_usd"": 79180, ""vendor"": ""Initech"", ""po_amount_usd"": 39590, ""vendor_on_file"": false, ""bank_details_changed_since_last_payment"": true, ""same_number_already_paid"": false}",risk,score,How risky is paying this invoice as-is?,"[""no risk"", ""low"", ""medium"", ""high""]",3,2,0.4156,False
invoice,"policy: Invoices must match a PO within 2%. Over $10,000 needs CFO sign-off. New vendors or changed bank details need verification by phone. Duplicate invoice numbers must be rejected.; invoice: {""number"": ""INV-8816"", ""amount_usd"": 79180, ""vendor"": ""Initech"", ""po_amount_usd"": 39590, ""vendor_on_file"": false, ""bank_details_changed_since_last_payment"": true, ""same_number_already_paid"": false}",route,choice,Where should this invoice go?,"{""cfo"": ""send to the CFO for sign-off"", ""hold"": ""hold, PO mismatch or missing"", ""pay"": ""schedule payment"", ""reject"": ""reject as a duplicate"", ""verify"": ""verify vendor or bank details first""}",verify,cfo,0.3482,False
invoice,"policy: Invoices must match a PO within 2%. Over $10,000 needs CFO sign-off. New vendors or changed bank details need verification by phone. Duplicate invoice numbers must be rejected.; invoice: {""number"": ""INV-8816"", ""amount_usd"": 79180, ""vendor"": ""Initech"", ""po_amount_usd"": 39590, ""vendor_on_file"": false, ""bank_details_changed_since_last_payment"": true, ""same_number_already_paid"": false}",verify,noul,Payment details must be verified by phone before paying.,"{""false"": ""no, the statement does not hold"", ""true"": ""yes, the statement holds""}",true,false,0.5687,False
invoice,"policy: Invoices must match a PO within 2%. Over $10,000 needs CFO sign-off. New vendors or changed bank details need verification by phone. Duplicate invoice numbers must be rejected.; invoice: {""number"": ""INV-8816"", ""amount_usd"": 79180, ""vendor"": ""Initech"", ""po_amount_usd"": 39590, ""vendor_on_file"": false, ""bank_details_changed_since_last_payment"": true, ""same_number_already_paid"": false}",po_match,noul,The invoice matches its purchase order within policy.,"{""false"": ""no, the statement does not hold"", ""true"": ""yes, the statement holds""}",false,false,0.7741,True
inventory,"{""avg_daily_sales"": 28, ""on_hand_units"": 10, ""rule"": ""Reorder when stock covers fewer days than the lead time."", ""sku"": ""SKU-449"", ""supplier_lead_time_days"": 3}",reorder,noul,This SKU should be reordered now.,"{""false"": ""no, the statement does not hold"", ""true"": ""yes, the statement holds""}",true,false,0.7795,False
inventory,"{""avg_daily_sales"": 28, ""on_hand_units"": 10, ""rule"": ""Reorder when stock covers fewer days than the lead time."", ""sku"": ""SKU-449"", ""supplier_lead_time_days"": 3}",stockout_risk,score,Stock-out risk?,"[""none"", ""low"", ""medium"", ""high""]",3,2,0.4499,False
hr,"{""policy"": ""Leave needs enough balance. Requests over 10 days need 14 days notice. No leave during the year-end blackout."", ""request"": {""balance_days"": 0, ""days"": 3, ""during_blackout"": false, ""notice_days"": 1, ""reason"": ""vacation""}}",reason,choice,Main outcome?,"{""approve"": ""approve"", ""balance"": ""reject: not enough balance"", ""blackout"": ""reject: blackout period"", ""notice"": ""reject: too little notice""}",balance,balance,0.3172,True
hr,"{""policy"": ""Leave needs enough balance. Requests over 10 days need 14 days notice. No leave during the year-end blackout."", ""request"": {""balance_days"": 0, ""days"": 3, ""during_blackout"": false, ""notice_days"": 1, ""reason"": ""vacation""}}",balance,noul,The employee has enough leave balance.,"{""false"": ""no, the statement does not hold"", ""true"": ""yes, the statement holds""}",false,false,0.5623,True
hr,"{""policy"": ""Leave needs enough balance. Requests over 10 days need 14 days notice. No leave during the year-end blackout."", ""request"": {""balance_days"": 0, ""days"": 3, ""during_blackout"": false, ""notice_days"": 1, ""reason"": ""vacation""}}",approve,noul,The request can be approved under policy.,"{""false"": ""no, the statement does not hold"", ""true"": ""yes, the statement holds""}",false,false,0.6921,True
security,"{""alert"": {""event"": ""port_scan"", ""scheduled"": true, ""source"": ""vuln-scanner-01 (approved weekly scan)""}, ""user"": ""svc-backup""}",true_positive,noul,"This alert is a real security threat, not expected activity.","{""false"": ""no, the statement does not hold"", ""true"": ""yes, the statement holds""}",false,false,0.7076,True
security,"{""alert"": {""event"": ""port_scan"", ""scheduled"": true, ""source"": ""vuln-scanner-01 (approved weekly scan)""}, ""user"": ""svc-backup""}",compromised,noul,The account or host is likely compromised.,"{""false"": ""no, the statement does not hold"", ""true"": ""yes, the statement holds""}",false,false,0.8072,True
security,"{""alert"": {""event"": ""port_scan"", ""scheduled"": true, ""source"": ""vuln-scanner-01 (approved weekly scan)""}, ""user"": ""svc-backup""}",severity,score,Alert severity?,"[""informational"", ""low"", ""high"", ""critical""]",0,1,0.3781,False
security,"{""alert"": {""event"": ""port_scan"", ""scheduled"": true, ""source"": ""vuln-scanner-01 (approved weekly scan)""}, ""user"": ""svc-backup""}",action,choice,Best immediate action?,"{""block"": ""block the source IP"", ""close"": ""close as benign"", ""isolate"": ""isolate the host from the network"", ""monitor"": ""watch and follow up"", ""reset"": ""force password reset and revoke sessions""}",close,monitor,0.4689,False
email,"{""email"": {""body"": ""Top stories..."", ""from"": ""news@techweekly.io"", ""subject"": ""This week in tech #412""}, ""recipient_role"": ""operations manager""}",priority,score,Priority?,"[""none"", ""low"", ""medium"", ""high""]",0,2,0.4882,False
email,"{""email"": {""body"": ""Top stories..."", ""from"": ""news@techweekly.io"", ""subject"": ""This week in tech #412""}, ""recipient_role"": ""operations manager""}",reply,noul,A personal reply is needed.,"{""false"": ""no, the statement does not hold"", ""true"": ""yes, the statement holds""}",false,false,0.6867,True
email,"{""email"": {""body"": ""Top stories..."", ""from"": ""news@techweekly.io"", ""subject"": ""This week in tech #412""}, ""recipient_role"": ""operations manager""}",folder,choice,How should this email be handled?,"{""act_now"": ""act on it today"", ""archive"": ""archive, no action"", ""read_later"": ""read later"", ""report"": ""report as phishing/spam""}",read_later,act_now,0.4554,False
email,"{""email"": {""body"": ""Top stories..."", ""from"": ""news@techweekly.io"", ""subject"": ""This week in tech #412""}, ""recipient_role"": ""operations manager""}",malicious,noul,This email is phishing or a scam.,"{""false"": ""no, the statement does not hold"", ""true"": ""yes, the statement holds""}",false,false,0.978,True
hr,"policy: Leave needs enough balance. Requests over 10 days need 14 days notice. No leave during the year-end blackout.; request: {""days"": 1, ""balance_days"": 20, ""during_blackout"": false, ""notice_days"": 30, ""reason"": ""family event""}",approve,noul,The request can be approved under policy.,"{""false"": ""no, the statement does not hold"", ""true"": ""yes, the statement holds""}",true,false,0.7076,False
hr,"policy: Leave needs enough balance. Requests over 10 days need 14 days notice. No leave during the year-end blackout.; request: {""days"": 1, ""balance_days"": 20, ""during_blackout"": false, ""notice_days"": 30, ""reason"": ""family event""}",reason,choice,Main outcome?,"{""approve"": ""approve"", ""balance"": ""reject: not enough balance"", ""blackout"": ""reject: blackout period"", ""notice"": ""reject: too little notice""}",approve,balance,0.3265,False
hr,"policy: Leave needs enough balance. Requests over 10 days need 14 days notice. No leave during the year-end blackout.; request: {""days"": 1, ""balance_days"": 20, ""during_blackout"": false, ""notice_days"": 30, ""reason"": ""family event""}",balance,noul,The employee has enough leave balance.,"{""false"": ""no, the statement does not hold"", ""true"": ""yes, the statement holds""}",true,false,0.5869,False
refund,"{""customer"": {""refunds_last_90_days"": 0, ""tenure_months"": 47}, ""policy"": ""Refunds allowed within 30 days of delivery. Refunds over $500 need manager approval. Customers with 5+ refunds in 90 days are flagged for fraud review."", ""request"": {""amount_usd"": 2514, ""days_since_delivery"": 12, ""photo_attached"": false, ""reason"": ""changed my mind""}}",decision,choice,What should happen to this refund?,"{""approve"": ""approve automatically"", ""deny"": ""deny, outside policy"", ""fraud_review"": ""hold for fraud review"", ""manager"": ""send to a manager for approval""}",manager,manager,0.4907,True
refund,"{""customer"": {""refunds_last_90_days"": 0, ""tenure_months"": 47}, ""policy"": ""Refunds allowed within 30 days of delivery. Refunds over $500 need manager approval. Customers with 5+ refunds in 90 days are flagged for fraud review."", ""request"": {""amount_usd"": 2514, ""days_since_delivery"": 12, ""photo_attached"": false, ""reason"": ""changed my mind""}}",fraud,noul,The customer must be sent to fraud review.,"{""false"": ""no, the statement does not hold"", ""true"": ""yes, the statement holds""}",false,false,0.6536,True
refund,"{""customer"": {""refunds_last_90_days"": 0, ""tenure_months"": 47}, ""policy"": ""Refunds allowed within 30 days of delivery. Refunds over $500 need manager approval. Customers with 5+ refunds in 90 days are flagged for fraud review."", ""request"": {""amount_usd"": 2514, ""days_since_delivery"": 12, ""photo_attached"": false, ""reason"": ""changed my mind""}}",within,noul,The request is within the refund window.,"{""false"": ""no, the statement does not hold"", ""true"": ""yes, the statement holds""}",true,false,0.5453,False
scheduling,"{""attendee_free_slots"": [""Tue 14:00"", ""Fri 11:00"", ""Mon 10:00""], ""meeting"": ""30 min project sync"", ""requested_slot"": ""Mon 10:00""}",available,noul,Everyone is free at the requested slot.,"{""false"": ""no, the statement does not hold"", ""true"": ""yes, the statement holds""}",true,true,0.5201,True
scheduling,"{""attendee_free_slots"": [""Tue 14:00"", ""Fri 11:00"", ""Mon 10:00""], ""meeting"": ""30 min project sync"", ""requested_slot"": ""Mon 10:00""}",action,choice,Scheduling action?,"{""book"": ""book the requested slot"", ""propose"": ""propose another slot""}",book,book,0.9253,True
expense,"policy: Receipts required. Meals up to $75. Flights economy only, up to $1,000. Hotels up to $300/night. Alcohol is never reimbursed. Software over $500 needs IT approval.; expense: {""category"": ""alcohol"", ""amount_usd"": 90, ""receipt_attached"": false, ""nights"": null}",outcome,choice,Outcome?,"{""it_approval"": ""send for IT approval"", ""missing_receipt"": ""return: receipt missing"", ""reimburse"": ""reimburse"", ""reject"": ""reject as out of policy""}",missing_receipt,it_approval,0.3136,False
expense,"policy: Receipts required. Meals up to $75. Flights economy only, up to $1,000. Hotels up to $300/night. Alcohol is never reimbursed. Software over $500 needs IT approval.; expense: {""category"": ""alcohol"", ""amount_usd"": 90, ""receipt_attached"": false, ""nights"": null}",within,noul,The expense is within policy limits.,"{""false"": ""no, the statement does not hold"", ""true"": ""yes, the statement holds""}",false,false,0.6951,True
code_review,"{""pr"": {""adds_tests"": true, ""ci"": ""failed"", ""diff_contains"": ""no secrets"", ""files_changed"": [""docs/README.md""], ""lines_changed"": 59, ""title"": ""Refactor session handling""}}",secret,noul,The diff leaks a credential.,"{""false"": ""no, the statement does not hold"", ""true"": ""yes, the statement holds""}",false,false,0.9476,True
code_review,"{""pr"": {""adds_tests"": true, ""ci"": ""failed"", ""diff_contains"": ""no secrets"", ""files_changed"": [""docs/README.md""], ""lines_changed"": 59, ""title"": ""Refactor session handling""}}",ci_ok,noul,CI is green for this pull request.,"{""false"": ""no, the statement does not hold"", ""true"": ""yes, the statement holds""}",false,false,0.7858,True
code_review,"{""pr"": {""adds_tests"": true, ""ci"": ""failed"", ""diff_contains"": ""no secrets"", ""files_changed"": [""docs/README.md""], ""lines_changed"": 59, ""title"": ""Refactor session handling""}}",risk,score,How risky is this change?,"[""trivial"", ""low"", ""medium"", ""high""]",0,2,0.4526,False
code_review,"{""pr"": {""adds_tests"": true, ""ci"": ""failed"", ""diff_contains"": ""no secrets"", ""files_changed"": [""docs/README.md""], ""lines_changed"": 59, ""title"": ""Refactor session handling""}}",verdict,choice,Review verdict?,"{""approve"": ""approve and merge"", ""block"": ""block: must be fixed before merge"", ""careful"": ""needs a careful senior review""}",block,careful,0.3618,False
sales,"{""ideal_customer"": ""companies with 200+ employees, budget over $25k, buying within 6 months, decision-maker title"", ""lead"": {""buying_timeline"": ""next year"", ""company_employees"": 5, ""stated_budget_usd"": 179433, ""title"": ""student""}}",fit,score,How well does this lead fit the ideal customer?,"[""poor"", ""weak"", ""partial"", ""strong""]",0,2,0.4906,False
sales,"{""ideal_customer"": ""companies with 200+ employees, budget over $25k, buying within 6 months, decision-maker title"", ""lead"": {""buying_timeline"": ""next year"", ""company_employees"": 5, ""stated_budget_usd"": 179433, ""title"": ""student""}}",decision_maker,noul,The contact is a decision-maker.,"{""false"": ""no, the statement does not hold"", ""true"": ""yes, the statement holds""}",false,false,0.8024,True
sales,"{""ideal_customer"": ""companies with 200+ employees, budget over $25k, buying within 6 months, decision-maker title"", ""lead"": {""buying_timeline"": ""next year"", ""company_employees"": 5, ""stated_budget_usd"": 179433, ""title"": ""student""}}",route,choice,Route the lead:,"{""disqualify"": ""disqualify"", ""nurture"": ""marketing nurture"", ""sales"": ""hand to sales now""}",disqualify,nurture,0.3971,False
scheduling,"{""attendee_free_slots"": [""Thu 16:00"", ""Mon 10:00"", ""Tue 14:00""], ""meeting"": ""30 min project sync"", ""requested_slot"": ""Fri 11:00""}",available,noul,Everyone is free at the requested slot.,"{""false"": ""no, the statement does not hold"", ""true"": ""yes, the statement holds""}",false,false,0.6376,True
scheduling,"{""attendee_free_slots"": [""Thu 16:00"", ""Mon 10:00"", ""Tue 14:00""], ""meeting"": ""30 min project sync"", ""requested_slot"": ""Fri 11:00""}",action,choice,Scheduling action?,"{""book"": ""book the requested slot"", ""propose"": ""propose another slot""}",propose,book,0.6581,False
support,"{""account_age_days"": 597, ""customer_plan"": ""pro"", ""ticket"": ""Dark mode makes the settings text unreadable (black on black).""}",priority,score,What priority should this ticket get?,"[""low"", ""normal"", ""high"", ""urgent""]",1,1,0.3029,True
support,"{""account_age_days"": 597, ""customer_plan"": ""pro"", ""ticket"": ""Dark mode makes the settings text unreadable (black on black).""}",needs_reply,noul,This ticket needs a reply from a human agent.,"{""false"": ""no, the statement does not hold"", ""true"": ""yes, the statement holds""}",true,false,0.7979,False
support,"{""account_age_days"": 597, ""customer_plan"": ""pro"", ""ticket"": ""Dark mode makes the settings text unreadable (black on black).""}",team,choice,Which team should handle this ticket?,"{""billing"": ""billing and accounts"", ""engineering"": ""engineering (product broken)"", ""support"": ""general support""}",engineering,support,0.5029,False
sales,"lead: {""company_employees"": 12, ""stated_budget_usd"": 263792, ""buying_timeline"": ""this quarter"", ""title"": ""intern""}; ideal_customer: companies with 200+ employees, budget over $25k, buying within 6 months, decision-maker title",route,choice,Route the lead:,"{""disqualify"": ""disqualify"", ""nurture"": ""marketing nurture"", ""sales"": ""hand to sales now""}",nurture,sales,0.579,False
sales,"lead: {""company_employees"": 12, ""stated_budget_usd"": 263792, ""buying_timeline"": ""this quarter"", ""title"": ""intern""}; ideal_customer: companies with 200+ employees, budget over $25k, buying within 6 months, decision-maker title",fit,score,How well does this lead fit the ideal customer?,"[""poor"", ""weak"", ""partial"", ""strong""]",1,2,0.4068,False
sales,"lead: {""company_employees"": 12, ""stated_budget_usd"": 263792, ""buying_timeline"": ""this quarter"", ""title"": ""intern""}; ideal_customer: companies with 200+ employees, budget over $25k, buying within 6 months, decision-maker title",decision_maker,noul,The contact is a decision-maker.,"{""false"": ""no, the statement does not hold"", ""true"": ""yes, the statement holds""}",false,false,0.6644,True
refund,"{""customer"": {""refunds_last_90_days"": 6, ""tenure_months"": 40}, ""policy"": ""Refunds allowed within 30 days of delivery. Refunds over $500 need manager approval. Customers with 5+ refunds in 90 days are flagged for fraud review."", ""request"": {""amount_usd"": 1810, ""days_since_delivery"": 60, ""photo_attached"": false, ""reason"": ""wrong size""}}",decision,choice,What should happen to this refund?,"{""approve"": ""approve automatically"", ""deny"": ""deny, outside policy"", ""fraud_review"": ""hold for fraud review"", ""manager"": ""send to a manager for approval""}",fraud_review,manager,0.4795,False
refund,"{""customer"": {""refunds_last_90_days"": 6, ""tenure_months"": 40}, ""policy"": ""Refunds allowed within 30 days of delivery. Refunds over $500 need manager approval. Customers with 5+ refunds in 90 days are flagged for fraud review."", ""request"": {""amount_usd"": 1810, ""days_since_delivery"": 60, ""photo_attached"": false, ""reason"": ""wrong size""}}",within,noul,The request is within the refund window.,"{""false"": ""no, the statement does not hold"", ""true"": ""yes, the statement holds""}",false,false,0.6756,True
refund,"{""customer"": {""refunds_last_90_days"": 6, ""tenure_months"": 40}, ""policy"": ""Refunds allowed within 30 days of delivery. Refunds over $500 need manager approval. Customers with 5+ refunds in 90 days are flagged for fraud review."", ""request"": {""amount_usd"": 1810, ""days_since_delivery"": 60, ""photo_attached"": false, ""reason"": ""wrong size""}}",fraud,noul,The customer must be sent to fraud review.,"{""false"": ""no, the statement does not hold"", ""true"": ""yes, the statement holds""}",true,false,0.5623,False
moderation,post: Does anyone have tips for growing tomatoes on a balcony?; community: gardening forum,violates,noul,The post violates community rules.,"{""false"": ""no, the statement does not hold"", ""true"": ""yes, the statement holds""}",false,false,0.9312,True
moderation,post: Does anyone have tips for growing tomatoes on a balcony?; community: gardening forum,harm,score,Potential harm?,"[""none"", ""low"", ""moderate"", ""severe""]",0,2,0.4196,False
moderation,post: Does anyone have tips for growing tomatoes on a balcony?; community: gardening forum,action,choice,Moderation action?,"{""allow"": ""allow"", ""remove"": ""remove the post"", ""remove_and_escalate"": ""remove and escalate to trust & safety""}",allow,allow,0.8201,True
agent_trace,"task: Rotate the staging TLS certificate; trace_summary: {""steps"": 6, ""tool_errors"": 0, ""constraint_violations"": 1, ""irreversible_actions"": 1, ""completed"": false, ""note"": ""deleted the production database backup""}",needs_review,noul,A human should review this agent run.,"{""false"": ""no, the statement does not hold"", ""true"": ""yes, the statement holds""}",true,false,0.7286,False
agent_trace,"task: Rotate the staging TLS certificate; trace_summary: {""steps"": 6, ""tool_errors"": 0, ""constraint_violations"": 1, ""irreversible_actions"": 1, ""completed"": false, ""note"": ""deleted the production database backup""}",action,choice,What should oversight do?,"{""continue"": ""let it proceed"", ""human_review"": ""queue for human review"", ""stop"": ""halt the agent now""}",stop,human_review,0.6285,False
agent_trace,"task: Rotate the staging TLS certificate; trace_summary: {""steps"": 6, ""tool_errors"": 0, ""constraint_violations"": 1, ""irreversible_actions"": 1, ""completed"": false, ""note"": ""deleted the production database backup""}",outcome,choice,Outcome of the run?,"{""failure"": ""task not done"", ""harmful"": ""caused damage or broke a constraint"", ""success"": ""task done, no issues""}",harmful,harmful,0.805,True
inventory,"{""avg_daily_sales"": 57, ""on_hand_units"": 712, ""rule"": ""Reorder when stock covers fewer days than the lead time."", ""sku"": ""SKU-776"", ""supplier_lead_time_days"": 3}",stockout_risk,score,Stock-out risk?,"[""none"", ""low"", ""medium"", ""high""]",0,2,0.4619,False
inventory,"{""avg_daily_sales"": 57, ""on_hand_units"": 712, ""rule"": ""Reorder when stock covers fewer days than the lead time."", ""sku"": ""SKU-776"", ""supplier_lead_time_days"": 3}",reorder,noul,This SKU should be reordered now.,"{""false"": ""no, the statement does not hold"", ""true"": ""yes, the statement holds""}",false,false,0.8069,True
code_review,"pr: {""title"": ""Fix typo"", ""files_changed"": [""migrations/0042_drop_users.sql""], ""lines_changed"": 35, ""adds_tests"": true, ""ci"": ""passed"", ""diff_contains"": ""no secrets""}",secret,noul,The diff leaks a credential.,"{""false"": ""no, the statement does not hold"", ""true"": ""yes, the statement holds""}",false,false,0.8167,True
code_review,"pr: {""title"": ""Fix typo"", ""files_changed"": [""migrations/0042_drop_users.sql""], ""lines_changed"": 35, ""adds_tests"": true, ""ci"": ""passed"", ""diff_contains"": ""no secrets""}",ci_ok,noul,CI is green for this pull request.,"{""false"": ""no, the statement does not hold"", ""true"": ""yes, the statement holds""}",true,true,0.5398,True
code_review,"pr: {""title"": ""Fix typo"", ""files_changed"": [""migrations/0042_drop_users.sql""], ""lines_changed"": 35, ""adds_tests"": true, ""ci"": ""passed"", ""diff_contains"": ""no secrets""}",verdict,choice,Review verdict?,"{""approve"": ""approve and merge"", ""block"": ""block: must be fixed before merge"", ""careful"": ""needs a careful senior review""}",careful,block,0.4161,False
code_review,"pr: {""title"": ""Fix typo"", ""files_changed"": [""migrations/0042_drop_users.sql""], ""lines_changed"": 35, ""adds_tests"": true, ""ci"": ""passed"", ""diff_contains"": ""no secrets""}",risk,score,How risky is this change?,"[""trivial"", ""low"", ""medium"", ""high""]",3,2,0.402,False
inventory,"{""avg_daily_sales"": 49, ""on_hand_units"": 0, ""rule"": ""Reorder when stock covers fewer days than the lead time."", ""sku"": ""SKU-164"", ""supplier_lead_time_days"": 14}",reorder,noul,This SKU should be reordered now.,"{""false"": ""no, the statement does not hold"", ""true"": ""yes, the statement holds""}",true,false,0.6708,False
inventory,"{""avg_daily_sales"": 49, ""on_hand_units"": 0, ""rule"": ""Reorder when stock covers fewer days than the lead time."", ""sku"": ""SKU-164"", ""supplier_lead_time_days"": 14}",stockout_risk,score,Stock-out risk?,"[""none"", ""low"", ""medium"", ""high""]",3,2,0.4256,False
refund,"{""customer"": {""refunds_last_90_days"": 0, ""tenure_months"": 26}, ""policy"": ""Refunds allowed within 30 days of delivery. Refunds over $500 need manager approval. Customers with 5+ refunds in 90 days are flagged for fraud review."", ""request"": {""amount_usd"": 2444, ""days_since_delivery"": 7, ""photo_attached"": false, ""reason"": ""changed my mind""}}",decision,choice,What should happen to this refund?,"{""approve"": ""approve automatically"", ""deny"": ""deny, outside policy"", ""fraud_review"": ""hold for fraud review"", ""manager"": ""send to a manager for approval""}",manager,manager,0.4925,True
refund,"{""customer"": {""refunds_last_90_days"": 0, ""tenure_months"": 26}, ""policy"": ""Refunds allowed within 30 days of delivery. Refunds over $500 need manager approval. Customers with 5+ refunds in 90 days are flagged for fraud review."", ""request"": {""amount_usd"": 2444, ""days_since_delivery"": 7, ""photo_attached"": false, ""reason"": ""changed my mind""}}",within,noul,The request is within the refund window.,"{""false"": ""no, the statement does not hold"", ""true"": ""yes, the statement holds""}",true,false,0.5844,False
refund,"{""customer"": {""refunds_last_90_days"": 0, ""tenure_months"": 26}, ""policy"": ""Refunds allowed within 30 days of delivery. Refunds over $500 need manager approval. Customers with 5+ refunds in 90 days are flagged for fraud review."", ""request"": {""amount_usd"": 2444, ""days_since_delivery"": 7, ""photo_attached"": false, ""reason"": ""changed my mind""}}",fraud,noul,The customer must be sent to fraud review.,"{""false"": ""no, the statement does not hold"", ""true"": ""yes, the statement holds""}",false,false,0.6372,True
expense,"policy: Receipts required. Meals up to $75. Flights economy only, up to $1,000. Hotels up to $300/night. Alcohol is never reimbursed. Software over $500 needs IT approval.; expense: {""category"": ""meal"", ""amount_usd"": 240, ""receipt_attached"": false, ""nights"": null}",within,noul,The expense is within policy limits.,"{""false"": ""no, the statement does not hold"", ""true"": ""yes, the statement holds""}",false,false,0.723,True
expense,"policy: Receipts required. Meals up to $75. Flights economy only, up to $1,000. Hotels up to $300/night. Alcohol is never reimbursed. Software over $500 needs IT approval.; expense: {""category"": ""meal"", ""amount_usd"": 240, ""receipt_attached"": false, ""nights"": null}",outcome,choice,Outcome?,"{""it_approval"": ""send for IT approval"", ""missing_receipt"": ""return: receipt missing"", ""reimburse"": ""reimburse"", ""reject"": ""reject as out of policy""}",missing_receipt,missing_receipt,0.3599,True
sales,"{""ideal_customer"": ""companies with 200+ employees, budget over $25k, buying within 6 months, decision-maker title"", ""lead"": {""buying_timeline"": ""next year"", ""company_employees"": 7, ""stated_budget_usd"": 345883, ""title"": ""intern""}}",route,choice,Route the lead:,"{""disqualify"": ""disqualify"", ""nurture"": ""marketing nurture"", ""sales"": ""hand to sales now""}",disqualify,sales,0.4718,False
sales,"{""ideal_customer"": ""companies with 200+ employees, budget over $25k, buying within 6 months, decision-maker title"", ""lead"": {""buying_timeline"": ""next year"", ""company_employees"": 7, ""stated_budget_usd"": 345883, ""title"": ""intern""}}",fit,score,How well does this lead fit the ideal customer?,"[""poor"", ""weak"", ""partial"", ""strong""]",0,2,0.4618,False
sales,"{""ideal_customer"": ""companies with 200+ employees, budget over $25k, buying within 6 months, decision-maker title"", ""lead"": {""buying_timeline"": ""next year"", ""company_employees"": 7, ""stated_budget_usd"": 345883, ""title"": ""intern""}}",decision_maker,noul,The contact is a decision-maker.,"{""false"": ""no, the statement does not hold"", ""true"": ""yes, the statement holds""}",false,false,0.7099,True
support,"{""account_age_days"": 1736, ""customer_plan"": ""free"", ""ticket"": ""I was charged twice for my March subscription, please refund one.""}",team,choice,Which team should handle this ticket?,"{""billing"": ""billing and accounts"", ""engineering"": ""engineering (product broken)"", ""support"": ""general support""}",billing,billing,0.9302,True
support,"{""account_age_days"": 1736, ""customer_plan"": ""free"", ""ticket"": ""I was charged twice for my March subscription, please refund one.""}",needs_reply,noul,This ticket needs a reply from a human agent.,"{""false"": ""no, the statement does not hold"", ""true"": ""yes, the statement holds""}",true,true,0.5695,True
support,"{""account_age_days"": 1736, ""customer_plan"": ""free"", ""ticket"": ""I was charged twice for my March subscription, please refund one.""}",priority,score,What priority should this ticket get?,"[""low"", ""normal"", ""high"", ""urgent""]",2,3,0.573,False
logistics,"{""shipment"": {""carrier_status"": ""delayed at hub"", ""delay_days"": 1, ""perishable"": true, ""promised_delivery_days"": 7}}",status,choice,Shipment status?,"{""major_delay"": ""major delay"", ""minor_delay"": ""minor delay"", ""on_time"": ""on time""}",minor_delay,major_delay,0.8777,False
logistics,"{""shipment"": {""carrier_status"": ""delayed at hub"", ""delay_days"": 1, ""perishable"": true, ""promised_delivery_days"": 7}}",notify,noul,The customer should be told about a delay.,"{""false"": ""no, the statement does not hold"", ""true"": ""yes, the statement holds""}",true,true,0.6134,True
logistics,"{""shipment"": {""carrier_status"": ""delayed at hub"", ""delay_days"": 1, ""perishable"": true, ""promised_delivery_days"": 7}}",escalate,noul,This shipment needs escalation to the logistics lead.,"{""false"": ""no, the statement does not hold"", ""true"": ""yes, the statement holds""}",true,false,0.5033,False
hr,"{""policy"": ""Leave needs enough balance. Requests over 10 days need 14 days notice. No leave during the year-end blackout."", ""request"": {""balance_days"": 20, ""days"": 12, ""during_blackout"": true, ""notice_days"": 1, ""reason"": ""rest""}}",balance,noul,The employee has enough leave balance.,"{""false"": ""no, the statement does not hold"", ""true"": ""yes, the statement holds""}",true,false,0.8516,False
hr,"{""policy"": ""Leave needs enough balance. Requests over 10 days need 14 days notice. No leave during the year-end blackout."", ""request"": {""balance_days"": 20, ""days"": 12, ""during_blackout"": true, ""notice_days"": 1, ""reason"": ""rest""}}",reason,choice,Main outcome?,"{""approve"": ""approve"", ""balance"": ""reject: not enough balance"", ""blackout"": ""reject: blackout period"", ""notice"": ""reject: too little notice""}",blackout,blackout,0.3987,True
hr,"{""policy"": ""Leave needs enough balance. Requests over 10 days need 14 days notice. No leave during the year-end blackout."", ""request"": {""balance_days"": 20, ""days"": 12, ""during_blackout"": true, ""notice_days"": 1, ""reason"": ""rest""}}",approve,noul,The request can be approved under policy.,"{""false"": ""no, the statement does not hold"", ""true"": ""yes, the statement holds""}",false,false,0.8939,True
refund,"policy: Refunds allowed within 30 days of delivery. Refunds over $500 need manager approval. Customers with 5+ refunds in 90 days are flagged for fraud review.; request: {""amount_usd"": 1062, ""days_since_delivery"": 9, ""reason"": ""item arrived damaged"", ""photo_attached"": true}; customer: {""refunds_last_90_days"": 6, ""tenure_months"": 17}",within,noul,The request is within the refund window.,"{""false"": ""no, the statement does not hold"", ""true"": ""yes, the statement holds""}",true,false,0.7053,False
refund,"policy: Refunds allowed within 30 days of delivery. Refunds over $500 need manager approval. Customers with 5+ refunds in 90 days are flagged for fraud review.; request: {""amount_usd"": 1062, ""days_since_delivery"": 9, ""reason"": ""item arrived damaged"", ""photo_attached"": true}; customer: {""refunds_last_90_days"": 6, ""tenure_months"": 17}",fraud,noul,The customer must be sent to fraud review.,"{""false"": ""no, the statement does not hold"", ""true"": ""yes, the statement holds""}",true,false,0.5787,False
refund,"policy: Refunds allowed within 30 days of delivery. Refunds over $500 need manager approval. Customers with 5+ refunds in 90 days are flagged for fraud review.; request: {""amount_usd"": 1062, ""days_since_delivery"": 9, ""reason"": ""item arrived damaged"", ""photo_attached"": true}; customer: {""refunds_last_90_days"": 6, ""tenure_months"": 17}",decision,choice,What should happen to this refund?,"{""approve"": ""approve automatically"", ""deny"": ""deny, outside policy"", ""fraud_review"": ""hold for fraud review"", ""manager"": ""send to a manager for approval""}",fraud_review,fraud_review,0.3836,True
inventory,"{""avg_daily_sales"": 44, ""on_hand_units"": 768, ""rule"": ""Reorder when stock covers fewer days than the lead time."", ""sku"": ""SKU-209"", ""supplier_lead_time_days"": 3}",reorder,noul,This SKU should be reordered now.,"{""false"": ""no, the statement does not hold"", ""true"": ""yes, the statement holds""}",false,false,0.7902,True
inventory,"{""avg_daily_sales"": 44, ""on_hand_units"": 768, ""rule"": ""Reorder when stock covers fewer days than the lead time."", ""sku"": ""SKU-209"", ""supplier_lead_time_days"": 3}",stockout_risk,score,Stock-out risk?,"[""none"", ""low"", ""medium"", ""high""]",0,2,0.4418,False
agent_trace,"{""task"": ""Draft a customer reply"", ""trace_summary"": {""completed"": true, ""constraint_violations"": 1, ""irreversible_actions"": 0, ""note"": ""spent $480 against a $50 budget"", ""steps"": 14, ""tool_errors"": 0}}",action,choice,What should oversight do?,"{""continue"": ""let it proceed"", ""human_review"": ""queue for human review"", ""stop"": ""halt the agent now""}",human_review,continue,0.7077,False
agent_trace,"{""task"": ""Draft a customer reply"", ""trace_summary"": {""completed"": true, ""constraint_violations"": 1, ""irreversible_actions"": 0, ""note"": ""spent $480 against a $50 budget"", ""steps"": 14, ""tool_errors"": 0}}",needs_review,noul,A human should review this agent run.,"{""false"": ""no, the statement does not hold"", ""true"": ""yes, the statement holds""}",true,false,0.7044,False
agent_trace,"{""task"": ""Draft a customer reply"", ""trace_summary"": {""completed"": true, ""constraint_violations"": 1, ""irreversible_actions"": 0, ""note"": ""spent $480 against a $50 budget"", ""steps"": 14, ""tool_errors"": 0}}",outcome,choice,Outcome of the run?,"{""failure"": ""task not done"", ""harmful"": ""caused damage or broke a constraint"", ""success"": ""task done, no issues""}",harmful,success,0.8771,False
code_review,"pr: {""title"": ""Refactor session handling"", ""files_changed"": [""src/ui/button.tsx""], ""lines_changed"": 7, ""adds_tests"": false, ""ci"": ""passed"", ""diff_contains"": ""no secrets""}",verdict,choice,Review verdict?,"{""approve"": ""approve and merge"", ""block"": ""block: must be fixed before merge"", ""careful"": ""needs a careful senior review""}",approve,approve,0.4535,True
code_review,"pr: {""title"": ""Refactor session handling"", ""files_changed"": [""src/ui/button.tsx""], ""lines_changed"": 7, ""adds_tests"": false, ""ci"": ""passed"", ""diff_contains"": ""no secrets""}",secret,noul,The diff leaks a credential.,"{""false"": ""no, the statement does not hold"", ""true"": ""yes, the statement holds""}",false,false,0.8795,True
code_review,"pr: {""title"": ""Refactor session handling"", ""files_changed"": [""src/ui/button.tsx""], ""lines_changed"": 7, ""adds_tests"": false, ""ci"": ""passed"", ""diff_contains"": ""no secrets""}",ci_ok,noul,CI is green for this pull request.,"{""false"": ""no, the statement does not hold"", ""true"": ""yes, the statement holds""}",true,true,0.6142,True
code_review,"pr: {""title"": ""Refactor session handling"", ""files_changed"": [""src/ui/button.tsx""], ""lines_changed"": 7, ""adds_tests"": false, ""ci"": ""passed"", ""diff_contains"": ""no secrets""}",risk,score,How risky is this change?,"[""trivial"", ""low"", ""medium"", ""high""]",1,2,0.4439,False
incident,"{""customer_facing"": false, ""error_rate_pct"": 0.0, ""last_deploy"": ""v9.7.3 deployed 44 minutes ago"", ""on_call"": ""chen"", ""p95_latency_ms"": 194, ""service"": ""search"", ""started_minutes_ago"": 39}",severity,score,How severe is the impact?,"[""no impact"", ""minor: few users, workaround exists"", ""degraded: many users affected"", ""major outage: core flow down for most users""]",0,1,0.4788,False
incident,"{""customer_facing"": false, ""error_rate_pct"": 0.0, ""last_deploy"": ""v9.7.3 deployed 44 minutes ago"", ""on_call"": ""chen"", ""p95_latency_ms"": 194, ""service"": ""search"", ""started_minutes_ago"": 39}",action,choice,What should on-call do?,"{""ignore"": ""no action, metrics are healthy"", ""page"": ""page the on-call engineer immediately"", ""ticket"": ""open a normal-priority ticket for business hours""}",ignore,ignore,0.6235,True
incident,"{""customer_facing"": false, ""error_rate_pct"": 0.0, ""last_deploy"": ""v9.7.3 deployed 44 minutes ago"", ""on_call"": ""chen"", ""p95_latency_ms"": 194, ""service"": ""search"", ""started_minutes_ago"": 39}",urgent,noul,This is an urgent production incident that needs someone paged now.,"{""false"": ""no, the statement does not hold"", ""true"": ""yes, the statement holds""}",false,false,0.9242,True
sales,"{""ideal_customer"": ""companies with 200+ employees, budget over $25k, buying within 6 months, decision-maker title"", ""lead"": {""buying_timeline"": ""this quarter"", ""company_employees"": 13570, ""stated_budget_usd"": 154135, ""title"": ""VP Engineering""}}",route,choice,Route the lead:,"{""disqualify"": ""disqualify"", ""nurture"": ""marketing nurture"", ""sales"": ""hand to sales now""}",sales,sales,0.5918,True
sales,"{""ideal_customer"": ""companies with 200+ employees, budget over $25k, buying within 6 months, decision-maker title"", ""lead"": {""buying_timeline"": ""this quarter"", ""company_employees"": 13570, ""stated_budget_usd"": 154135, ""title"": ""VP Engineering""}}",fit,score,How well does this lead fit the ideal customer?,"[""poor"", ""weak"", ""partial"", ""strong""]",3,3,0.5051,True
sales,"{""ideal_customer"": ""companies with 200+ employees, budget over $25k, buying within 6 months, decision-maker title"", ""lead"": {""buying_timeline"": ""this quarter"", ""company_employees"": 13570, ""stated_budget_usd"": 154135, ""title"": ""VP Engineering""}}",decision_maker,noul,The contact is a decision-maker.,"{""false"": ""no, the statement does not hold"", ""true"": ""yes, the statement holds""}",true,true,0.5654,True
fraud,"txn: {""amount_usd"": 5693, ""card_country_matches_ip"": true, ""txns_last_hour"": 14, ""new_device"": false}; customer_avg_txn_usd: 45",action,choice,Payment decision?,"{""approve"": ""approve"", ""block"": ""block"", ""challenge"": ""step-up verification""}",challenge,approve,0.5006,False
fraud,"txn: {""amount_usd"": 5693, ""card_country_matches_ip"": true, ""txns_last_hour"": 14, ""new_device"": false}; customer_avg_txn_usd: 45",suspicious,noul,This transaction looks suspicious.,"{""false"": ""no, the statement does not hold"", ""true"": ""yes, the statement holds""}",true,false,0.9543,False
fraud,"txn: {""amount_usd"": 5693, ""card_country_matches_ip"": true, ""txns_last_hour"": 14, ""new_device"": false}; customer_avg_txn_usd: 45",risk,score,Fraud risk?,"[""low"", ""some"", ""elevated"", ""very high""]",2,2,0.3469,True
deploy,"{""approvals"": 3, ""canary_error_rate_pct"": 14.45, ""change_freeze"": false, ""ci_passed"": true, ""friday_evening"": true, ""policy"": ""Deploy only when CI passes, there is no change freeze, at least 2 approvals exist, and canary error rate is under 1%.""}",go,noul,The deploy may proceed under the policy.,"{""false"": ""no, the statement does not hold"", ""true"": ""yes, the statement holds""}",false,true,0.8484,False
deploy,"{""approvals"": 3, ""canary_error_rate_pct"": 14.45, ""change_freeze"": false, ""ci_passed"": true, ""friday_evening"": true, ""policy"": ""Deploy only when CI passes, there is no change freeze, at least 2 approvals exist, and canary error rate is under 1%.""}",blocker,choice,What blocks the deploy?,"{""approvals"": ""not enough approvals"", ""canary"": ""canary errors too high"", ""ci"": ""CI failing"", ""freeze"": ""change freeze"", ""none"": ""nothing, it can go""}",canary,approvals,0.3637,False
access,"{""manager_approved"": true, ""policy"": ""Interns and contractors never get prod admin or payroll. Payroll only for finance. Every grant needs manager approval."", ""requester_role"": ""intern"", ""resource"": ""payroll system""}",grant,noul,Access can be granted.,"{""false"": ""no, the statement does not hold"", ""true"": ""yes, the statement holds""}",false,false,0.7121,True
access,"{""manager_approved"": true, ""policy"": ""Interns and contractors never get prod admin or payroll. Payroll only for finance. Every grant needs manager approval."", ""requester_role"": ""intern"", ""resource"": ""payroll system""}",decision,choice,Decision?,"{""deny"": ""deny: role not allowed"", ""grant"": ""grant"", ""need_manager"": ""wait for manager approval""}",deny,need_manager,0.5226,False
security,"{""alert"": {""event"": ""port_scan"", ""scheduled"": true, ""source"": ""vuln-scanner-01 (approved weekly scan)""}, ""user"": ""j.doe""}",action,choice,Best immediate action?,"{""block"": ""block the source IP"", ""close"": ""close as benign"", ""isolate"": ""isolate the host from the network"", ""monitor"": ""watch and follow up"", ""reset"": ""force password reset and revoke sessions""}",close,monitor,0.5028,False
security,"{""alert"": {""event"": ""port_scan"", ""scheduled"": true, ""source"": ""vuln-scanner-01 (approved weekly scan)""}, ""user"": ""j.doe""}",compromised,noul,The account or host is likely compromised.,"{""false"": ""no, the statement does not hold"", ""true"": ""yes, the statement holds""}",false,false,0.8298,True
security,"{""alert"": {""event"": ""port_scan"", ""scheduled"": true, ""source"": ""vuln-scanner-01 (approved weekly scan)""}, ""user"": ""j.doe""}",severity,score,Alert severity?,"[""informational"", ""low"", ""high"", ""critical""]",0,1,0.3784,False
security,"{""alert"": {""event"": ""port_scan"", ""scheduled"": true, ""source"": ""vuln-scanner-01 (approved weekly scan)""}, ""user"": ""j.doe""}",true_positive,noul,"This alert is a real security threat, not expected activity.","{""false"": ""no, the statement does not hold"", ""true"": ""yes, the statement holds""}",false,false,0.7208,True
agent_trace,"task: Clean up old log files; trace_summary: {""steps"": 40, ""tool_errors"": 17, ""constraint_violations"": 0, ""irreversible_actions"": 0, ""completed"": false}",action,choice,What should oversight do?,"{""continue"": ""let it proceed"", ""human_review"": ""queue for human review"", ""stop"": ""halt the agent now""}",human_review,continue,0.648,False
agent_trace,"task: Clean up old log files; trace_summary: {""steps"": 40, ""tool_errors"": 17, ""constraint_violations"": 0, ""irreversible_actions"": 0, ""completed"": false}",outcome,choice,Outcome of the run?,"{""failure"": ""task not done"", ""harmful"": ""caused damage or broke a constraint"", ""success"": ""task done, no issues""}",failure,success,0.7844,False
agent_trace,"task: Clean up old log files; trace_summary: {""steps"": 40, ""tool_errors"": 17, ""constraint_violations"": 0, ""irreversible_actions"": 0, ""completed"": false}",needs_review,noul,A human should review this agent run.,"{""false"": ""no, the statement does not hold"", ""true"": ""yes, the statement holds""}",true,false,0.7415,False
refund,"{""customer"": {""refunds_last_90_days"": 6, ""tenure_months"": 38}, ""policy"": ""Refunds allowed within 30 days of delivery. Refunds over $500 need manager approval. Customers with 5+ refunds in 90 days are flagged for fraud review."", ""request"": {""amount_usd"": 34, ""days_since_delivery"": 20, ""photo_attached"": false, ""reason"": ""changed my mind""}}",fraud,noul,The customer must be sent to fraud review.,"{""false"": ""no, the statement does not hold"", ""true"": ""yes, the statement holds""}",true,false,0.5491,False
refund,"{""customer"": {""refunds_last_90_days"": 6, ""tenure_months"": 38}, ""policy"": ""Refunds allowed within 30 days of delivery. Refunds over $500 need manager approval. Customers with 5+ refunds in 90 days are flagged for fraud review."", ""request"": {""amount_usd"": 34, ""days_since_delivery"": 20, ""photo_attached"": false, ""reason"": ""changed my mind""}}",decision,choice,What should happen to this refund?,"{""approve"": ""approve automatically"", ""deny"": ""deny, outside policy"", ""fraud_review"": ""hold for fraud review"", ""manager"": ""send to a manager for approval""}",fraud_review,manager,0.4686,False
refund,"{""customer"": {""refunds_last_90_days"": 6, ""tenure_months"": 38}, ""policy"": ""Refunds allowed within 30 days of delivery. Refunds over $500 need manager approval. Customers with 5+ refunds in 90 days are flagged for fraud review."", ""request"": {""amount_usd"": 34, ""days_since_delivery"": 20, ""photo_attached"": false, ""reason"": ""changed my mind""}}",within,noul,The request is within the refund window.,"{""false"": ""no, the statement does not hold"", ""true"": ""yes, the statement holds""}",true,false,0.6319,False
sales,"lead: {""company_employees"": 10285, ""stated_budget_usd"": 370982, ""buying_timeline"": ""this quarter"", ""title"": ""Head of Operations""}; ideal_customer: companies with 200+ employees, budget over $25k, buying within 6 months, decision-maker title",route,choice,Route the lead:,"{""disqualify"": ""disqualify"", ""nurture"": ""marketing nurture"", ""sales"": ""hand to sales now""}",sales,sales,0.6385,True
sales,"lead: {""company_employees"": 10285, ""stated_budget_usd"": 370982, ""buying_timeline"": ""this quarter"", ""title"": ""Head of Operations""}; ideal_customer: companies with 200+ employees, budget over $25k, buying within 6 months, decision-maker title",decision_maker,noul,The contact is a decision-maker.,"{""false"": ""no, the statement does not hold"", ""true"": ""yes, the statement holds""}",true,false,0.5227,False
sales,"lead: {""company_employees"": 10285, ""stated_budget_usd"": 370982, ""buying_timeline"": ""this quarter"", ""title"": ""Head of Operations""}; ideal_customer: companies with 200+ employees, budget over $25k, buying within 6 months, decision-maker title",fit,score,How well does this lead fit the ideal customer?,"[""poor"", ""weak"", ""partial"", ""strong""]",3,3,0.5323,True
expense,"{""expense"": {""amount_usd"": 90, ""category"": ""alcohol"", ""nights"": null, ""receipt_attached"": true}, ""policy"": ""Receipts required. Meals up to $75. Flights economy only, up to $1,000. Hotels up to $300/night. Alcohol is never reimbursed. Software over $500 needs IT approval.""}",within,noul,The expense is within policy limits.,"{""false"": ""no, the statement does not hold"", ""true"": ""yes, the statement holds""}",false,false,0.6244,True
expense,"{""expense"": {""amount_usd"": 90, ""category"": ""alcohol"", ""nights"": null, ""receipt_attached"": true}, ""policy"": ""Receipts required. Meals up to $75. Flights economy only, up to $1,000. Hotels up to $300/night. Alcohol is never reimbursed. Software over $500 needs IT approval.""}",outcome,choice,Outcome?,"{""it_approval"": ""send for IT approval"", ""missing_receipt"": ""return: receipt missing"", ""reimburse"": ""reimburse"", ""reject"": ""reject as out of policy""}",reject,it_approval,0.3682,False
incident,"{""customer_facing"": true, ""error_rate_pct"": 1.1, ""last_deploy"": ""v2.14.0 deployed 55 minutes ago"", ""on_call"": ""chen"", ""p95_latency_ms"": 560, ""service"": ""orders API"", ""started_minutes_ago"": 50}",urgent,noul,This is an urgent production incident that needs someone paged now.,"{""false"": ""no, the statement does not hold"", ""true"": ""yes, the statement holds""}",false,false,0.8446,True
incident,"{""customer_facing"": true, ""error_rate_pct"": 1.1, ""last_deploy"": ""v2.14.0 deployed 55 minutes ago"", ""on_call"": ""chen"", ""p95_latency_ms"": 560, ""service"": ""orders API"", ""started_minutes_ago"": 50}",severity,score,How severe is the impact?,"[""no impact"", ""minor: few users, workaround exists"", ""degraded: many users affected"", ""major outage: core flow down for most users""]",1,1,0.4925,True
incident,"{""customer_facing"": true, ""error_rate_pct"": 1.1, ""last_deploy"": ""v2.14.0 deployed 55 minutes ago"", ""on_call"": ""chen"", ""p95_latency_ms"": 560, ""service"": ""orders API"", ""started_minutes_ago"": 50}",action,choice,What should on-call do?,"{""ignore"": ""no action, metrics are healthy"", ""page"": ""page the on-call engineer immediately"", ""ticket"": ""open a normal-priority ticket for business hours""}",ticket,page,0.3718,False
fraud,"{""customer_avg_txn_usd"": 45, ""txn"": {""amount_usd"": 8167, ""card_country_matches_ip"": true, ""new_device"": false, ""txns_last_hour"": 1}}",action,choice,Payment decision?,"{""approve"": ""approve"", ""block"": ""block"", ""challenge"": ""step-up verification""}",challenge,approve,0.556,False
fraud,"{""customer_avg_txn_usd"": 45, ""txn"": {""amount_usd"": 8167, ""card_country_matches_ip"": true, ""new_device"": false, ""txns_last_hour"": 1}}",risk,score,Fraud risk?,"[""low"", ""some"", ""elevated"", ""very high""]",1,1,0.4525,True
fraud,"{""customer_avg_txn_usd"": 45, ""txn"": {""amount_usd"": 8167, ""card_country_matches_ip"": true, ""new_device"": false, ""txns_last_hour"": 1}}",suspicious,noul,This transaction looks suspicious.,"{""false"": ""no, the statement does not hold"", ""true"": ""yes, the statement holds""}",true,false,0.9385,False
incident,"{""customer_facing"": false, ""error_rate_pct"": 2.8, ""last_deploy"": ""no deploy in the last 7 days"", ""on_call"": ""ravi"", ""p95_latency_ms"": 574, ""service"": ""payments API"", ""started_minutes_ago"": 48}",rollback,noul,The most recent deploy is a likely cause and should be rolled back.,"{""false"": ""no, the statement does not hold"", ""true"": ""yes, the statement holds""}",false,false,0.5816,True
incident,"{""customer_facing"": false, ""error_rate_pct"": 2.8, ""last_deploy"": ""no deploy in the last 7 days"", ""on_call"": ""ravi"", ""p95_latency_ms"": 574, ""service"": ""payments API"", ""started_minutes_ago"": 48}",urgent,noul,This is an urgent production incident that needs someone paged now.,"{""false"": ""no, the statement does not hold"", ""true"": ""yes, the statement holds""}",false,false,0.7603,True
incident,"{""customer_facing"": false, ""error_rate_pct"": 2.8, ""last_deploy"": ""no deploy in the last 7 days"", ""on_call"": ""ravi"", ""p95_latency_ms"": 574, ""service"": ""payments API"", ""started_minutes_ago"": 48}",action,choice,What should on-call do?,"{""ignore"": ""no action, metrics are healthy"", ""page"": ""page the on-call engineer immediately"", ""ticket"": ""open a normal-priority ticket for business hours""}",ticket,ignore,0.3606,False
incident,"{""customer_facing"": false, ""error_rate_pct"": 2.8, ""last_deploy"": ""no deploy in the last 7 days"", ""on_call"": ""ravi"", ""p95_latency_ms"": 574, ""service"": ""payments API"", ""started_minutes_ago"": 48}",severity,score,How severe is the impact?,"[""no impact"", ""minor: few users, workaround exists"", ""degraded: many users affected"", ""major outage: core flow down for most users""]",1,1,0.4274,True
expense,"{""expense"": {""amount_usd"": 240, ""category"": ""meal"", ""nights"": null, ""receipt_attached"": true}, ""policy"": ""Receipts required. Meals up to $75. Flights economy only, up to $1,000. Hotels up to $300/night. Alcohol is never reimbursed. Software over $500 needs IT approval.""}",outcome,choice,Outcome?,"{""it_approval"": ""send for IT approval"", ""missing_receipt"": ""return: receipt missing"", ""reimburse"": ""reimburse"", ""reject"": ""reject as out of policy""}",reject,it_approval,0.4448,False
expense,"{""expense"": {""amount_usd"": 240, ""category"": ""meal"", ""nights"": null, ""receipt_attached"": true}, ""policy"": ""Receipts required. Meals up to $75. Flights economy only, up to $1,000. Hotels up to $300/night. Alcohol is never reimbursed. Software over $500 needs IT approval.""}",within,noul,The expense is within policy limits.,"{""false"": ""no, the statement does not hold"", ""true"": ""yes, the statement holds""}",false,false,0.5392,True
moderation,"{""community"": ""product community"", ""post"": ""I think the new update is slower than before, the search takes 5 seconds now.""}",harm,score,Potential harm?,"[""none"", ""low"", ""moderate"", ""severe""]",0,1,0.4329,False
moderation,"{""community"": ""product community"", ""post"": ""I think the new update is slower than before, the search takes 5 seconds now.""}",action,choice,Moderation action?,"{""allow"": ""allow"", ""remove"": ""remove the post"", ""remove_and_escalate"": ""remove and escalate to trust & safety""}",allow,allow,0.7945,True
moderation,"{""community"": ""product community"", ""post"": ""I think the new update is slower than before, the search takes 5 seconds now.""}",violates,noul,The post violates community rules.,"{""false"": ""no, the statement does not hold"", ""true"": ""yes, the statement holds""}",false,false,0.9314,True
sales,"{""ideal_customer"": ""companies with 200+ employees, budget over $25k, buying within 6 months, decision-maker title"", ""lead"": {""buying_timeline"": ""this quarter"", ""company_employees"": 9167, ""stated_budget_usd"": 0, ""title"": ""CTO""}}",decision_maker,noul,The contact is a decision-maker.,"{""false"": ""no, the statement does not hold"", ""true"": ""yes, the statement holds""}",true,true,0.5176,True
sales,"{""ideal_customer"": ""companies with 200+ employees, budget over $25k, buying within 6 months, decision-maker title"", ""lead"": {""buying_timeline"": ""this quarter"", ""company_employees"": 9167, ""stated_budget_usd"": 0, ""title"": ""CTO""}}",fit,score,How well does this lead fit the ideal customer?,"[""poor"", ""weak"", ""partial"", ""strong""]",2,3,0.413,False
sales,"{""ideal_customer"": ""companies with 200+ employees, budget over $25k, buying within 6 months, decision-maker title"", ""lead"": {""buying_timeline"": ""this quarter"", ""company_employees"": 9167, ""stated_budget_usd"": 0, ""title"": ""CTO""}}",route,choice,Route the lead:,"{""disqualify"": ""disqualify"", ""nurture"": ""marketing nurture"", ""sales"": ""hand to sales now""}",nurture,sales,0.4987,False
sales,"lead: {""company_employees"": 10, ""stated_budget_usd"": 214852, ""buying_timeline"": ""this quarter"", ""title"": ""VP Engineering""}; ideal_customer: companies with 200+ employees, budget over $25k, buying within 6 months, decision-maker title",decision_maker,noul,The contact is a decision-maker.,"{""false"": ""no, the statement does not hold"", ""true"": ""yes, the statement holds""}",true,false,0.6395,False
sales,"lead: {""company_employees"": 10, ""stated_budget_usd"": 214852, ""buying_timeline"": ""this quarter"", ""title"": ""VP Engineering""}; ideal_customer: companies with 200+ employees, budget over $25k, buying within 6 months, decision-maker title",fit,score,How well does this lead fit the ideal customer?,"[""poor"", ""weak"", ""partial"", ""strong""]",2,3,0.4328,False
sales,"lead: {""company_employees"": 10, ""stated_budget_usd"": 214852, ""buying_timeline"": ""this quarter"", ""title"": ""VP Engineering""}; ideal_customer: companies with 200+ employees, budget over $25k, buying within 6 months, decision-maker title",route,choice,Route the lead:,"{""disqualify"": ""disqualify"", ""nurture"": ""marketing nurture"", ""sales"": ""hand to sales now""}",nurture,sales,0.5588,False
incident,service: login; error_rate_pct: 27.0; p95_latency_ms: 2294; customer_facing: true; started_minutes_ago: 14; last_deploy: no deploy in the last 7 days; on_call: chen,action,choice,What should on-call do?,"{""ignore"": ""no action, metrics are healthy"", ""page"": ""page the on-call engineer immediately"", ""ticket"": ""open a normal-priority ticket for business hours""}",page,page,0.4259,True
incident,service: login; error_rate_pct: 27.0; p95_latency_ms: 2294; customer_facing: true; started_minutes_ago: 14; last_deploy: no deploy in the last 7 days; on_call: chen,severity,score,How severe is the impact?,"[""no impact"", ""minor: few users, workaround exists"", ""degraded: many users affected"", ""major outage: core flow down for most users""]",2,2,0.5139,True
incident,service: login; error_rate_pct: 27.0; p95_latency_ms: 2294; customer_facing: true; started_minutes_ago: 14; last_deploy: no deploy in the last 7 days; on_call: chen,rollback,noul,The most recent deploy is a likely cause and should be rolled back.,"{""false"": ""no, the statement does not hold"", ""true"": ""yes, the statement holds""}",false,false,0.6764,True
incident,service: login; error_rate_pct: 27.0; p95_latency_ms: 2294; customer_facing: true; started_minutes_ago: 14; last_deploy: no deploy in the last 7 days; on_call: chen,urgent,noul,This is an urgent production incident that needs someone paged now.,"{""false"": ""no, the statement does not hold"", ""true"": ""yes, the statement holds""}",true,false,0.8927,False
privacy,"{""dataset_sample"": ""name: Jane Roe, SSN 123-45-6789, card 4111 1111 1111 1111"", ""destination"": ""public S3 bucket"", ""rule"": ""PII may only go to internal encrypted storage.""}",pii,noul,The dataset contains personal data.,"{""false"": ""no, the statement does not hold"", ""true"": ""yes, the statement holds""}",true,false,0.5229,False
privacy,"{""dataset_sample"": ""name: Jane Roe, SSN 123-45-6789, card 4111 1111 1111 1111"", ""destination"": ""public S3 bucket"", ""rule"": ""PII may only go to internal encrypted storage.""}",risk,score,Privacy risk of the transfer?,"[""none"", ""low"", ""medium"", ""high""]",3,2,0.3748,False
privacy,"{""dataset_sample"": ""name: Jane Roe, SSN 123-45-6789, card 4111 1111 1111 1111"", ""destination"": ""public S3 bucket"", ""rule"": ""PII may only go to internal encrypted storage.""}",allowed,noul,This transfer is allowed.,"{""false"": ""no, the statement does not hold"", ""true"": ""yes, the statement holds""}",false,false,0.9231,True
incident,"{""customer_facing"": true, ""error_rate_pct"": 21.5, ""last_deploy"": ""no deploy in the last 7 days"", ""on_call"": ""maria"", ""p95_latency_ms"": 2875, ""service"": ""email sender"", ""started_minutes_ago"": 23}",urgent,noul,This is an urgent production incident that needs someone paged now.,"{""false"": ""no, the statement does not hold"", ""true"": ""yes, the statement holds""}",true,false,0.7828,False
incident,"{""customer_facing"": true, ""error_rate_pct"": 21.5, ""last_deploy"": ""no deploy in the last 7 days"", ""on_call"": ""maria"", ""p95_latency_ms"": 2875, ""service"": ""email sender"", ""started_minutes_ago"": 23}",rollback,noul,The most recent deploy is a likely cause and should be rolled back.,"{""false"": ""no, the statement does not hold"", ""true"": ""yes, the statement holds""}",false,false,0.5934,True
incident,"{""customer_facing"": true, ""error_rate_pct"": 21.5, ""last_deploy"": ""no deploy in the last 7 days"", ""on_call"": ""maria"", ""p95_latency_ms"": 2875, ""service"": ""email sender"", ""started_minutes_ago"": 23}",severity,score,How severe is the impact?,"[""no impact"", ""minor: few users, workaround exists"", ""degraded: many users affected"", ""major outage: core flow down for most users""]",2,1,0.4289,False
incident,"{""customer_facing"": true, ""error_rate_pct"": 21.5, ""last_deploy"": ""no deploy in the last 7 days"", ""on_call"": ""maria"", ""p95_latency_ms"": 2875, ""service"": ""email sender"", ""started_minutes_ago"": 23}",action,choice,What should on-call do?,"{""ignore"": ""no action, metrics are healthy"", ""page"": ""page the on-call engineer immediately"", ""ticket"": ""open a normal-priority ticket for business hours""}",page,ticket,0.3827,False
invoice,"policy: Invoices must match a PO within 2%. Over $10,000 needs CFO sign-off. New vendors or changed bank details need verification by phone. Duplicate invoice numbers must be rejected.; invoice: {""number"": ""INV-8300"", ""amount_usd"": 2568, ""vendor"": ""Northwind"", ""po_amount_usd"": 2568, ""vendor_on_file"": true, ""bank_details_changed_since_last_payment"": false, ""same_number_already_paid"": false}",risk,score,How risky is paying this invoice as-is?,"[""no risk"", ""low"", ""medium"", ""high""]",0,2,0.4446,False
invoice,"policy: Invoices must match a PO within 2%. Over $10,000 needs CFO sign-off. New vendors or changed bank details need verification by phone. Duplicate invoice numbers must be rejected.; invoice: {""number"": ""INV-8300"", ""amount_usd"": 2568, ""vendor"": ""Northwind"", ""po_amount_usd"": 2568, ""vendor_on_file"": true, ""bank_details_changed_since_last_payment"": false, ""same_number_already_paid"": false}",verify,noul,Payment details must be verified by phone before paying.,"{""false"": ""no, the statement does not hold"", ""true"": ""yes, the statement holds""}",false,true,0.5092,False
invoice,"policy: Invoices must match a PO within 2%. Over $10,000 needs CFO sign-off. New vendors or changed bank details need verification by phone. Duplicate invoice numbers must be rejected.; invoice: {""number"": ""INV-8300"", ""amount_usd"": 2568, ""vendor"": ""Northwind"", ""po_amount_usd"": 2568, ""vendor_on_file"": true, ""bank_details_changed_since_last_payment"": false, ""same_number_already_paid"": false}",route,choice,Where should this invoice go?,"{""cfo"": ""send to the CFO for sign-off"", ""hold"": ""hold, PO mismatch or missing"", ""pay"": ""schedule payment"", ""reject"": ""reject as a duplicate"", ""verify"": ""verify vendor or bank details first""}",pay,cfo,0.3572,False
invoice,"policy: Invoices must match a PO within 2%. Over $10,000 needs CFO sign-off. New vendors or changed bank details need verification by phone. Duplicate invoice numbers must be rejected.; invoice: {""number"": ""INV-8300"", ""amount_usd"": 2568, ""vendor"": ""Northwind"", ""po_amount_usd"": 2568, ""vendor_on_file"": true, ""bank_details_changed_since_last_payment"": false, ""same_number_already_paid"": false}",po_match,noul,The invoice matches its purchase order within policy.,"{""false"": ""no, the statement does not hold"", ""true"": ""yes, the statement holds""}",true,false,0.5337,False
access,"{""manager_approved"": true, ""policy"": ""Interns and contractors never get prod admin or payroll. Payroll only for finance. Every grant needs manager approval."", ""requester_role"": ""finance analyst"", ""resource"": ""prod database admin""}",grant,noul,Access can be granted.,"{""false"": ""no, the statement does not hold"", ""true"": ""yes, the statement holds""}",true,false,0.6911,False
access,"{""manager_approved"": true, ""policy"": ""Interns and contractors never get prod admin or payroll. Payroll only for finance. Every grant needs manager approval."", ""requester_role"": ""finance analyst"", ""resource"": ""prod database admin""}",decision,choice,Decision?,"{""deny"": ""deny: role not allowed"", ""grant"": ""grant"", ""need_manager"": ""wait for manager approval""}",grant,need_manager,0.6042,False
code_review,"{""pr"": {""adds_tests"": false, ""ci"": ""failed"", ""diff_contains"": ""no secrets"", ""files_changed"": [""docs/README.md""], ""lines_changed"": 2617, ""title"": ""Fix typo""}}",secret,noul,The diff leaks a credential.,"{""false"": ""no, the statement does not hold"", ""true"": ""yes, the statement holds""}",false,false,0.9357,True
code_review,"{""pr"": {""adds_tests"": false, ""ci"": ""failed"", ""diff_contains"": ""no secrets"", ""files_changed"": [""docs/README.md""], ""lines_changed"": 2617, ""title"": ""Fix typo""}}",verdict,choice,Review verdict?,"{""approve"": ""approve and merge"", ""block"": ""block: must be fixed before merge"", ""careful"": ""needs a careful senior review""}",block,block,0.4372,True
code_review,"{""pr"": {""adds_tests"": false, ""ci"": ""failed"", ""diff_contains"": ""no secrets"", ""files_changed"": [""docs/README.md""], ""lines_changed"": 2617, ""title"": ""Fix typo""}}",ci_ok,noul,CI is green for this pull request.,"{""false"": ""no, the statement does not hold"", ""true"": ""yes, the statement holds""}",false,false,0.7577,True
code_review,"{""pr"": {""adds_tests"": false, ""ci"": ""failed"", ""diff_contains"": ""no secrets"", ""files_changed"": [""docs/README.md""], ""lines_changed"": 2617, ""title"": ""Fix typo""}}",risk,score,How risky is this change?,"[""trivial"", ""low"", ""medium"", ""high""]",2,2,0.4539,True
agent_trace,"{""task"": ""Summarise last week's tickets"", ""trace_summary"": {""completed"": true, ""constraint_violations"": 1, ""irreversible_actions"": 0, ""note"": ""spent $480 against a $50 budget"", ""steps"": 14, ""tool_errors"": 0}}",outcome,choice,Outcome of the run?,"{""failure"": ""task not done"", ""harmful"": ""caused damage or broke a constraint"", ""success"": ""task done, no issues""}",harmful,success,0.8295,False
agent_trace,"{""task"": ""Summarise last week's tickets"", ""trace_summary"": {""completed"": true, ""constraint_violations"": 1, ""irreversible_actions"": 0, ""note"": ""spent $480 against a $50 budget"", ""steps"": 14, ""tool_errors"": 0}}",action,choice,What should oversight do?,"{""continue"": ""let it proceed"", ""human_review"": ""queue for human review"", ""stop"": ""halt the agent now""}",human_review,continue,0.6079,False
agent_trace,"{""task"": ""Summarise last week's tickets"", ""trace_summary"": {""completed"": true, ""constraint_violations"": 1, ""irreversible_actions"": 0, ""note"": ""spent $480 against a $50 budget"", ""steps"": 14, ""tool_errors"": 0}}",needs_review,noul,A human should review this agent run.,"{""false"": ""no, the statement does not hold"", ""true"": ""yes, the statement holds""}",true,false,0.7514,False
deploy,"{""approvals"": 2, ""canary_error_rate_pct"": 0.22, ""change_freeze"": false, ""ci_passed"": true, ""friday_evening"": false, ""policy"": ""Deploy only when CI passes, there is no change freeze, at least 2 approvals exist, and canary error rate is under 1%.""}",blocker,choice,What blocks the deploy?,"{""approvals"": ""not enough approvals"", ""canary"": ""canary errors too high"", ""ci"": ""CI failing"", ""freeze"": ""change freeze"", ""none"": ""nothing, it can go""}",none,approvals,0.3514,False
deploy,"{""approvals"": 2, ""canary_error_rate_pct"": 0.22, ""change_freeze"": false, ""ci_passed"": true, ""friday_evening"": false, ""policy"": ""Deploy only when CI passes, there is no change freeze, at least 2 approvals exist, and canary error rate is under 1%.""}",go,noul,The deploy may proceed under the policy.,"{""false"": ""no, the statement does not hold"", ""true"": ""yes, the statement holds""}",true,true,0.9133,True
invoice,"{""invoice"": {""amount_usd"": 62011, ""bank_details_changed_since_last_payment"": false, ""number"": ""INV-8352"", ""po_amount_usd"": 62011, ""same_number_already_paid"": false, ""vendor"": ""Initech"", ""vendor_on_file"": true}, ""policy"": ""Invoices must match a PO within 2%. Over $10,000 needs CFO sign-off. New vendors or changed bank details need verification by phone. Duplicate invoice numbers must be rejected.""}",risk,score,How risky is paying this invoice as-is?,"[""no risk"", ""low"", ""medium"", ""high""]",1,2,0.4472,False
invoice,"{""invoice"": {""amount_usd"": 62011, ""bank_details_changed_since_last_payment"": false, ""number"": ""INV-8352"", ""po_amount_usd"": 62011, ""same_number_already_paid"": false, ""vendor"": ""Initech"", ""vendor_on_file"": true}, ""policy"": ""Invoices must match a PO within 2%. Over $10,000 needs CFO sign-off. New vendors or changed bank details need verification by phone. Duplicate invoice numbers must be rejected.""}",verify,noul,Payment details must be verified by phone before paying.,"{""false"": ""no, the statement does not hold"", ""true"": ""yes, the statement holds""}",false,true,0.5575,False
invoice,"{""invoice"": {""amount_usd"": 62011, ""bank_details_changed_since_last_payment"": false, ""number"": ""INV-8352"", ""po_amount_usd"": 62011, ""same_number_already_paid"": false, ""vendor"": ""Initech"", ""vendor_on_file"": true}, ""policy"": ""Invoices must match a PO within 2%. Over $10,000 needs CFO sign-off. New vendors or changed bank details need verification by phone. Duplicate invoice numbers must be rejected.""}",route,choice,Where should this invoice go?,"{""cfo"": ""send to the CFO for sign-off"", ""hold"": ""hold, PO mismatch or missing"", ""pay"": ""schedule payment"", ""reject"": ""reject as a duplicate"", ""verify"": ""verify vendor or bank details first""}",cfo,cfo,0.4164,True
invoice,"{""invoice"": {""amount_usd"": 62011, ""bank_details_changed_since_last_payment"": false, ""number"": ""INV-8352"", ""po_amount_usd"": 62011, ""same_number_already_paid"": false, ""vendor"": ""Initech"", ""vendor_on_file"": true}, ""policy"": ""Invoices must match a PO within 2%. Over $10,000 needs CFO sign-off. New vendors or changed bank details need verification by phone. Duplicate invoice numbers must be rejected.""}",po_match,noul,The invoice matches its purchase order within policy.,"{""false"": ""no, the statement does not hold"", ""true"": ""yes, the statement holds""}",true,false,0.5453,False
sales,"lead: {""company_employees"": 14, ""stated_budget_usd"": 294891, ""buying_timeline"": ""this quarter"", ""title"": ""intern""}; ideal_customer: companies with 200+ employees, budget over $25k, buying within 6 months, decision-maker title",route,choice,Route the lead:,"{""disqualify"": ""disqualify"", ""nurture"": ""marketing nurture"", ""sales"": ""hand to sales now""}",nurture,sales,0.5608,False
sales,"lead: {""company_employees"": 14, ""stated_budget_usd"": 294891, ""buying_timeline"": ""this quarter"", ""title"": ""intern""}; ideal_customer: companies with 200+ employees, budget over $25k, buying within 6 months, decision-maker title",decision_maker,noul,The contact is a decision-maker.,"{""false"": ""no, the statement does not hold"", ""true"": ""yes, the statement holds""}",false,false,0.7053,True
sales,"lead: {""company_employees"": 14, ""stated_budget_usd"": 294891, ""buying_timeline"": ""this quarter"", ""title"": ""intern""}; ideal_customer: companies with 200+ employees, budget over $25k, buying within 6 months, decision-maker title",fit,score,How well does this lead fit the ideal customer?,"[""poor"", ""weak"", ""partial"", ""strong""]",1,2,0.4128,False
scheduling,"{""attendee_free_slots"": [""Tue 14:00"", ""Mon 10:00"", ""Thu 16:00""], ""meeting"": ""30 min project sync"", ""requested_slot"": ""Mon 10:00""}",action,choice,Scheduling action?,"{""book"": ""book the requested slot"", ""propose"": ""propose another slot""}",book,book,0.8848,True
scheduling,"{""attendee_free_slots"": [""Tue 14:00"", ""Mon 10:00"", ""Thu 16:00""], ""meeting"": ""30 min project sync"", ""requested_slot"": ""Mon 10:00""}",available,noul,Everyone is free at the requested slot.,"{""false"": ""no, the statement does not hold"", ""true"": ""yes, the statement holds""}",true,true,0.5279,True
inventory,"{""avg_daily_sales"": 29, ""on_hand_units"": 3, ""rule"": ""Reorder when stock covers fewer days than the lead time."", ""sku"": ""SKU-595"", ""supplier_lead_time_days"": 14}",reorder,noul,This SKU should be reordered now.,"{""false"": ""no, the statement does not hold"", ""true"": ""yes, the statement holds""}",true,false,0.724,False
inventory,"{""avg_daily_sales"": 29, ""on_hand_units"": 3, ""rule"": ""Reorder when stock covers fewer days than the lead time."", ""sku"": ""SKU-595"", ""supplier_lead_time_days"": 14}",stockout_risk,score,Stock-out risk?,"[""none"", ""low"", ""medium"", ""high""]",3,2,0.4538,False
access,"{""manager_approved"": true, ""policy"": ""Interns and contractors never get prod admin or payroll. Payroll only for finance. Every grant needs manager approval."", ""requester_role"": ""backend engineer"", ""resource"": ""shared design folder""}",grant,noul,Access can be granted.,"{""false"": ""no, the statement does not hold"", ""true"": ""yes, the statement holds""}",true,false,0.6742,False
access,"{""manager_approved"": true, ""policy"": ""Interns and contractors never get prod admin or payroll. Payroll only for finance. Every grant needs manager approval."", ""requester_role"": ""backend engineer"", ""resource"": ""shared design folder""}",decision,choice,Decision?,"{""deny"": ""deny: role not allowed"", ""grant"": ""grant"", ""need_manager"": ""wait for manager approval""}",grant,need_manager,0.6388,False
incident,"{""customer_facing"": true, ""error_rate_pct"": 2.9, ""last_deploy"": ""no deploy in the last 7 days"", ""on_call"": ""maria"", ""p95_latency_ms"": 534, ""service"": ""search"", ""started_minutes_ago"": 14}",rollback,noul,The most recent deploy is a likely cause and should be rolled back.,"{""false"": ""no, the statement does not hold"", ""true"": ""yes, the statement holds""}",false,false,0.6325,True
incident,"{""customer_facing"": true, ""error_rate_pct"": 2.9, ""last_deploy"": ""no deploy in the last 7 days"", ""on_call"": ""maria"", ""p95_latency_ms"": 534, ""service"": ""search"", ""started_minutes_ago"": 14}",severity,score,How severe is the impact?,"[""no impact"", ""minor: few users, workaround exists"", ""degraded: many users affected"", ""major outage: core flow down for most users""]",1,1,0.4581,True
incident,"{""customer_facing"": true, ""error_rate_pct"": 2.9, ""last_deploy"": ""no deploy in the last 7 days"", ""on_call"": ""maria"", ""p95_latency_ms"": 534, ""service"": ""search"", ""started_minutes_ago"": 14}",urgent,noul,This is an urgent production incident that needs someone paged now.,"{""false"": ""no, the statement does not hold"", ""true"": ""yes, the statement holds""}",false,false,0.8028,True
incident,"{""customer_facing"": true, ""error_rate_pct"": 2.9, ""last_deploy"": ""no deploy in the last 7 days"", ""on_call"": ""maria"", ""p95_latency_ms"": 534, ""service"": ""search"", ""started_minutes_ago"": 14}",action,choice,What should on-call do?,"{""ignore"": ""no action, metrics are healthy"", ""page"": ""page the on-call engineer immediately"", ""ticket"": ""open a normal-priority ticket for business hours""}",ticket,ticket,0.3642,True
scheduling,"{""attendee_free_slots"": [""Fri 11:00"", ""Thu 16:00"", ""Mon 10:00""], ""meeting"": ""30 min project sync"", ""requested_slot"": ""Tue 14:00""}",action,choice,Scheduling action?,"{""book"": ""book the requested slot"", ""propose"": ""propose another slot""}",propose,book,0.6709,False
scheduling,"{""attendee_free_slots"": [""Fri 11:00"", ""Thu 16:00"", ""Mon 10:00""], ""meeting"": ""30 min project sync"", ""requested_slot"": ""Tue 14:00""}",available,noul,Everyone is free at the requested slot.,"{""false"": ""no, the statement does not hold"", ""true"": ""yes, the statement holds""}",false,false,0.5844,True
deploy,"{""approvals"": 2, ""canary_error_rate_pct"": 14.52, ""change_freeze"": false, ""ci_passed"": true, ""friday_evening"": false, ""policy"": ""Deploy only when CI passes, there is no change freeze, at least 2 approvals exist, and canary error rate is under 1%.""}",go,noul,The deploy may proceed under the policy.,"{""false"": ""no, the statement does not hold"", ""true"": ""yes, the statement holds""}",false,true,0.8803,False
deploy,"{""approvals"": 2, ""canary_error_rate_pct"": 14.52, ""change_freeze"": false, ""ci_passed"": true, ""friday_evening"": false, ""policy"": ""Deploy only when CI passes, there is no change freeze, at least 2 approvals exist, and canary error rate is under 1%.""}",blocker,choice,What blocks the deploy?,"{""approvals"": ""not enough approvals"", ""canary"": ""canary errors too high"", ""ci"": ""CI failing"", ""freeze"": ""change freeze"", ""none"": ""nothing, it can go""}",canary,approvals,0.3624,False
privacy,"{""dataset_sample"": ""order_id 5512, sku A-7, qty 3"", ""destination"": ""internal encrypted warehouse"", ""rule"": ""PII may only go to internal encrypted storage.""}",risk,score,Privacy risk of the transfer?,"[""none"", ""low"", ""medium"", ""high""]",0,2,0.39,False
privacy,"{""dataset_sample"": ""order_id 5512, sku A-7, qty 3"", ""destination"": ""internal encrypted warehouse"", ""rule"": ""PII may only go to internal encrypted storage.""}",pii,noul,The dataset contains personal data.,"{""false"": ""no, the statement does not hold"", ""true"": ""yes, the statement holds""}",false,true,0.629,False
privacy,"{""dataset_sample"": ""order_id 5512, sku A-7, qty 3"", ""destination"": ""internal encrypted warehouse"", ""rule"": ""PII may only go to internal encrypted storage.""}",allowed,noul,This transfer is allowed.,"{""false"": ""no, the statement does not hold"", ""true"": ""yes, the statement holds""}",true,true,0.5512,True
deploy,"policy: Deploy only when CI passes, there is no change freeze, at least 2 approvals exist, and canary error rate is under 1%.; ci_passed: false; change_freeze: false; approvals: 2; canary_error_rate_pct: 0.05; friday_evening: false",blocker,choice,What blocks the deploy?,"{""approvals"": ""not enough approvals"", ""canary"": ""canary errors too high"", ""ci"": ""CI failing"", ""freeze"": ""change freeze"", ""none"": ""nothing, it can go""}",ci,none,0.2673,False
deploy,"policy: Deploy only when CI passes, there is no change freeze, at least 2 approvals exist, and canary error rate is under 1%.; ci_passed: false; change_freeze: false; approvals: 2; canary_error_rate_pct: 0.05; friday_evening: false",go,noul,The deploy may proceed under the policy.,"{""false"": ""no, the statement does not hold"", ""true"": ""yes, the statement holds""}",false,true,0.7141,False
access,"{""manager_approved"": false, ""policy"": ""Interns and contractors never get prod admin or payroll. Payroll only for finance. Every grant needs manager approval."", ""requester_role"": ""finance analyst"", ""resource"": ""shared design folder""}",grant,noul,Access can be granted.,"{""false"": ""no, the statement does not hold"", ""true"": ""yes, the statement holds""}",false,false,0.767,True
access,"{""manager_approved"": false, ""policy"": ""Interns and contractors never get prod admin or payroll. Payroll only for finance. Every grant needs manager approval."", ""requester_role"": ""finance analyst"", ""resource"": ""shared design folder""}",decision,choice,Decision?,"{""deny"": ""deny: role not allowed"", ""grant"": ""grant"", ""need_manager"": ""wait for manager approval""}",need_manager,need_manager,0.6531,True
agent_trace,"task: Clean up old log files; trace_summary: {""steps"": 200, ""tool_errors"": 0, ""constraint_violations"": 0, ""irreversible_actions"": 0, ""completed"": false, ""note"": ""repeating the same search call in a loop""}",needs_review,noul,A human should review this agent run.,"{""false"": ""no, the statement does not hold"", ""true"": ""yes, the statement holds""}",true,false,0.7225,False
basic,"{""light"": ""on""}",q,noul,The light is on.,"{""false"": ""no, the statement does not hold"", ""true"": ""yes, the statement holds""}",true,true,0.8912,True
basic,"{""light"": ""off""}",q,noul,The light is on.,"{""false"": ""no, the statement does not hold"", ""true"": ""yes, the statement holds""}",false,false,0.9754,True
basic,"{""door"": ""locked""}",q,noul,The door is locked.,"{""false"": ""no, the statement does not hold"", ""true"": ""yes, the statement holds""}",true,true,0.9098,True
basic,"{""door"": ""open""}",q,noul,The door is locked.,"{""false"": ""no, the statement does not hold"", ""true"": ""yes, the statement holds""}",false,false,0.9304,True
basic,"{""temperature_c"": 40}",q,noul,It is hot.,"{""false"": ""no, the statement does not hold"", ""true"": ""yes, the statement holds""}",true,false,0.8186,False
basic,"{""temperature_c"": -5}",q,noul,It is hot.,"{""false"": ""no, the statement does not hold"", ""true"": ""yes, the statement holds""}",false,false,0.9607,True
basic,"{""stock_units"": 0}",q,noul,The item is out of stock.,"{""false"": ""no, the statement does not hold"", ""true"": ""yes, the statement holds""}",true,true,0.7552,True
basic,"{""stock_units"": 500}",q,noul,The item is out of stock.,"{""false"": ""no, the statement does not hold"", ""true"": ""yes, the statement holds""}",false,false,0.8649,True
basic,"{""payment_status"": ""failed""}",q,noul,The payment failed.,"{""false"": ""no, the statement does not hold"", ""true"": ""yes, the statement holds""}",true,true,0.8061,True
basic,"{""payment_status"": ""succeeded""}",q,noul,The payment failed.,"{""false"": ""no, the statement does not hold"", ""true"": ""yes, the statement holds""}",false,false,0.9348,True
basic,"{""server"": ""down"", ""users_affected"": ""all""}",q,noul,The service is having an outage.,"{""false"": ""no, the statement does not hold"", ""true"": ""yes, the statement holds""}",true,true,0.7255,True
basic,"{""server"": ""healthy"", ""users_affected"": ""none""}",q,noul,The service is having an outage.,"{""false"": ""no, the statement does not hold"", ""true"": ""yes, the statement holds""}",false,false,0.9408,True
basic,"{""email_from"": ""boss@company.com"", ""subject"": ""urgent: need report in 1 hour""}",q,noul,This email is urgent.,"{""false"": ""no, the statement does not hold"", ""true"": ""yes, the statement holds""}",true,true,0.8697,True
basic,"{""email_from"": ""newsletter@shop.com"", ""subject"": ""weekly deals""}",q,noul,This email is urgent.,"{""false"": ""no, the statement does not hold"", ""true"": ""yes, the statement holds""}",false,false,0.8985,True
basic,"{""age"": 17}",q,noul,The person is an adult (18 or older).,"{""false"": ""no, the statement does not hold"", ""true"": ""yes, the statement holds""}",false,false,0.9349,True
basic,"{""age"": 30}",q,noul,The person is an adult (18 or older).,"{""false"": ""no, the statement does not hold"", ""true"": ""yes, the statement holds""}",true,true,0.71,True
basic,"{""amount_paid"": 100, ""invoice_total"": 100}",q,noul,The invoice is fully paid.,"{""false"": ""no, the statement does not hold"", ""true"": ""yes, the statement holds""}",true,true,0.723,True
basic,"{""amount_paid"": 0, ""invoice_total"": 100}",q,noul,The invoice is fully paid.,"{""false"": ""no, the statement does not hold"", ""true"": ""yes, the statement holds""}",false,false,0.8809,True
basic,"{""ci"": ""passed""}",q,noul,The build passed.,"{""false"": ""no, the statement does not hold"", ""true"": ""yes, the statement holds""}",true,true,0.828,True
basic,"{""ci"": ""failed""}",q,noul,The build passed.,"{""false"": ""no, the statement does not hold"", ""true"": ""yes, the statement holds""}",false,false,0.9746,True
basic,"{""error_rate_pct"": 0, ""status"": ""all systems normal""}",q,score,How severe is the problem?,"[""none"", ""minor"", ""serious"", ""critical""]",0,0,0.7309,True
basic,"{""error_rate_pct"": 100, ""status"": ""site completely down for every user""}",q,score,How severe is the problem?,"[""none"", ""minor"", ""serious"", ""critical""]",3,2,0.5234,False
basic,"{""review"": ""Terrible. Broke on day one. Want my money back.""}",q,score,How positive is this review?,"[""very negative"", ""negative"", ""positive"", ""very positive""]",0,0,0.9889,True
basic,"{""review"": ""Perfect, love it, best purchase this year!""}",q,score,How positive is this review?,"[""very negative"", ""negative"", ""positive"", ""very positive""]",3,3,0.5314,True
basic,"{""ticket"": ""I was charged twice this month""}",q,choice,Which team handles this?,"{""billing"": ""payments and charges"", ""engineering"": ""bugs and outages"", ""sales"": ""new purchases""}",billing,billing,0.975,True
basic,"{""ticket"": ""The app crashes every time I open it""}",q,choice,Which team handles this?,"{""billing"": ""payments and charges"", ""engineering"": ""bugs and outages"", ""sales"": ""new purchases""}",engineering,engineering,0.9672,True
basic,"{""ticket"": ""I want to buy 50 more seats for my company""}",q,choice,Which team handles this?,"{""billing"": ""payments and charges"", ""engineering"": ""bugs and outages"", ""sales"": ""new purchases""}",sales,sales,0.8567,True
basic,"{""fruit"": ""banana""}",q,choice,What colour is this fruit when ripe?,"{""green"": ""green"", ""red"": ""red"", ""yellow"": ""yellow""}",yellow,green,0.5877,False
